name,description,image,nft_identification,nft_id,rarity,tag_1,tag_2,tag_3,user_id,user_id_hedera,madfenix_ownership
Licencia Gnomo #1,Licencia Gnomo #1,https://docs.valentigamez.com/2357/_media/licencia-mecenas-gnomo.png,1,2,,,,,,,1
Licencia Gnomo #2,Licencia Gnomo #2,https://docs.valentigamez.com/2357/_media/licencia-mecenas-gnomo.png,2,2,,,,,,,1
Licencia Gnomo #3,Licencia Gnomo #3,https://docs.valentigamez.com/2357/_media/licencia-mecenas-gnomo.png,3,2,,,,,,,1
Licencia Gnomo #4,Licencia Gnomo #4,https://docs.valentigamez.com/2357/_media/licencia-mecenas-gnomo.png,4,2,,,,,,,1
Licencia Gnomo #5,Licencia Gnomo #5,https://docs.valentigamez.com/2357/_media/licencia-mecenas-gnomo.png,5,2,,,,,,,1
Licencia Gnomo #6,Licencia Gnomo #6,https://docs.valentigamez.com/2357/_media/licencia-mecenas-gnomo.png,6,2,,,,,,,1
Licencia Gnomo #7,Licencia Gnomo #7,https://docs.valentigamez.com/2357/_media/licencia-mecenas-gnomo.png,7,2,,,,,,,1
Licencia Gnomo #8,Licencia Gnomo #8,https://docs.valentigamez.com/2357/_media/licencia-mecenas-gnomo.png,8,2,,,,,,,1
Licencia Gnomo #9,Licencia Gnomo #9,https://docs.valentigamez.com/2357/_media/licencia-mecenas-gnomo.png,9,2,,,,,,,1
Licencia Gnomo #10,Licencia Gnomo #10,https://docs.valentigamez.com/2357/_media/licencia-mecenas-gnomo.png,10,2,,,,,,,1
Licencia Gnomo #11,Licencia Gnomo #11,https://docs.valentigamez.com/2357/_media/licencia-mecenas-gnomo.png,11,2,,,,,,,1
Licencia Gnomo #12,Licencia Gnomo #12,https://docs.valentigamez.com/2357/_media/licencia-mecenas-gnomo.png,12,2,,,,,,,1
Licencia Gnomo #13,Licencia Gnomo #13,https://docs.valentigamez.com/2357/_media/licencia-mecenas-gnomo.png,13,2,,,,,,,1
Licencia Gnomo #14,Licencia Gnomo #14,https://docs.valentigamez.com/2357/_media/licencia-mecenas-gnomo.png,14,2,,,,,,,1
Licencia Gnomo #15,Licencia Gnomo #15,https://docs.valentigamez.com/2357/_media/licencia-mecenas-gnomo.png,15,2,,,,,,,1
Licencia Gnomo #16,Licencia Gnomo #16,https://docs.valentigamez.com/2357/_media/licencia-mecenas-gnomo.png,16,2,,,,,,,1
Licencia Gnomo #17,Licencia Gnomo #17,https://docs.valentigamez.com/2357/_media/licencia-mecenas-gnomo.png,17,2,,,,,,,1
Licencia Gnomo #18,Licencia Gnomo #18,https://docs.valentigamez.com/2357/_media/licencia-mecenas-gnomo.png,18,2,,,,,,,1
Licencia Gnomo #19,Licencia Gnomo #19,https://docs.valentigamez.com/2357/_media/licencia-mecenas-gnomo.png,19,2,,,,,,,1
Licencia Gnomo #20,Licencia Gnomo #20,https://docs.valentigamez.com/2357/_media/licencia-mecenas-gnomo.png,20,2,,,,,,,1
Licencia Gnomo #21,Licencia Gnomo #21,https://docs.valentigamez.com/2357/_media/licencia-mecenas-gnomo.png,21,2,,,,,,,1
Licencia Gnomo #22,Licencia Gnomo #22,https://docs.valentigamez.com/2357/_media/licencia-mecenas-gnomo.png,22,2,,,,,,,1
Licencia Gnomo #23,Licencia Gnomo #23,https://docs.valentigamez.com/2357/_media/licencia-mecenas-gnomo.png,23,2,,,,,,,1
Licencia Gnomo #24,Licencia Gnomo #24,https://docs.valentigamez.com/2357/_media/licencia-mecenas-gnomo.png,24,2,,,,,,,1
Licencia Gnomo #25,Licencia Gnomo #25,https://docs.valentigamez.com/2357/_media/licencia-mecenas-gnomo.png,25,2,,,,,,,1
Licencia Gnomo #26,Licencia Gnomo #26,https://docs.valentigamez.com/2357/_media/licencia-mecenas-gnomo.png,26,2,,,,,,,1
Licencia Gnomo #27,Licencia Gnomo #27,https://docs.valentigamez.com/2357/_media/licencia-mecenas-gnomo.png,27,2,,,,,,,1
Licencia Gnomo #28,Licencia Gnomo #28,https://docs.valentigamez.com/2357/_media/licencia-mecenas-gnomo.png,28,2,,,,,,,1
Licencia Gnomo #29,Licencia Gnomo #29,https://docs.valentigamez.com/2357/_media/licencia-mecenas-gnomo.png,29,2,,,,,,,1
Licencia Gnomo #30,Licencia Gnomo #30,https://docs.valentigamez.com/2357/_media/licencia-mecenas-gnomo.png,30,2,,,,,,,1
Licencia Gnomo #31,Licencia Gnomo #31,https://docs.valentigamez.com/2357/_media/licencia-mecenas-gnomo.png,31,2,,,,,,,1
Licencia Gnomo #32,Licencia Gnomo #32,https://docs.valentigamez.com/2357/_media/licencia-mecenas-gnomo.png,32,2,,,,,,,1
Licencia Gnomo #33,Licencia Gnomo #33,https://docs.valentigamez.com/2357/_media/licencia-mecenas-gnomo.png,33,2,,,,,,,1
Licencia Gnomo #34,Licencia Gnomo #34,https://docs.valentigamez.com/2357/_media/licencia-mecenas-gnomo.png,34,2,,,,,,,1
Licencia Gnomo #35,Licencia Gnomo #35,https://docs.valentigamez.com/2357/_media/licencia-mecenas-gnomo.png,35,2,,,,,,,1
Licencia Gnomo #36,Licencia Gnomo #36,https://docs.valentigamez.com/2357/_media/licencia-mecenas-gnomo.png,36,2,,,,,,,1
Licencia Gnomo #37,Licencia Gnomo #37,https://docs.valentigamez.com/2357/_media/licencia-mecenas-gnomo.png,37,2,,,,,,,1
Licencia Gnomo #38,Licencia Gnomo #38,https://docs.valentigamez.com/2357/_media/licencia-mecenas-gnomo.png,38,2,,,,,,,1
Licencia Gnomo #39,Licencia Gnomo #39,https://docs.valentigamez.com/2357/_media/licencia-mecenas-gnomo.png,39,2,,,,,,,1
Licencia Gnomo #40,Licencia Gnomo #40,https://docs.valentigamez.com/2357/_media/licencia-mecenas-gnomo.png,40,2,,,,,,,1
Licencia Gnomo #41,Licencia Gnomo #41,https://docs.valentigamez.com/2357/_media/licencia-mecenas-gnomo.png,41,2,,,,,,,1
Licencia Gnomo #42,Licencia Gnomo #42,https://docs.valentigamez.com/2357/_media/licencia-mecenas-gnomo.png,42,2,,,,,,,1
Licencia Gnomo #43,Licencia Gnomo #43,https://docs.valentigamez.com/2357/_media/licencia-mecenas-gnomo.png,43,2,,,,,,,1
Licencia Gnomo #44,Licencia Gnomo #44,https://docs.valentigamez.com/2357/_media/licencia-mecenas-gnomo.png,44,2,,,,,,,1
Licencia Gnomo #45,Licencia Gnomo #45,https://docs.valentigamez.com/2357/_media/licencia-mecenas-gnomo.png,45,2,,,,,,,1
Licencia Gnomo #46,Licencia Gnomo #46,https://docs.valentigamez.com/2357/_media/licencia-mecenas-gnomo.png,46,2,,,,,,,1
Licencia Gnomo #47,Licencia Gnomo #47,https://docs.valentigamez.com/2357/_media/licencia-mecenas-gnomo.png,47,2,,,,,,,1
Licencia Gnomo #48,Licencia Gnomo #48,https://docs.valentigamez.com/2357/_media/licencia-mecenas-gnomo.png,48,2,,,,,,,1
Licencia Gnomo #49,Licencia Gnomo #49,https://docs.valentigamez.com/2357/_media/licencia-mecenas-gnomo.png,49,2,,,,,,,1
Licencia Gnomo #50,Licencia Gnomo #50,https://docs.valentigamez.com/2357/_media/licencia-mecenas-gnomo.png,50,2,,,,,,,1
Licencia Gnomo #51,Licencia Gnomo #51,https://docs.valentigamez.com/2357/_media/licencia-mecenas-gnomo.png,51,2,,,,,,,1
Licencia Gnomo #52,Licencia Gnomo #52,https://docs.valentigamez.com/2357/_media/licencia-mecenas-gnomo.png,52,2,,,,,,,1
Licencia Gnomo #53,Licencia Gnomo #53,https://docs.valentigamez.com/2357/_media/licencia-mecenas-gnomo.png,53,2,,,,,,,1
Licencia Gnomo #54,Licencia Gnomo #54,https://docs.valentigamez.com/2357/_media/licencia-mecenas-gnomo.png,54,2,,,,,,,1
Licencia Gnomo #55,Licencia Gnomo #55,https://docs.valentigamez.com/2357/_media/licencia-mecenas-gnomo.png,55,2,,,,,,,1
Licencia Gnomo #56,Licencia Gnomo #56,https://docs.valentigamez.com/2357/_media/licencia-mecenas-gnomo.png,56,2,,,,,,,1
Licencia Gnomo #57,Licencia Gnomo #57,https://docs.valentigamez.com/2357/_media/licencia-mecenas-gnomo.png,57,2,,,,,,,1
Licencia Gnomo #58,Licencia Gnomo #58,https://docs.valentigamez.com/2357/_media/licencia-mecenas-gnomo.png,58,2,,,,,,,1
Licencia Gnomo #59,Licencia Gnomo #59,https://docs.valentigamez.com/2357/_media/licencia-mecenas-gnomo.png,59,2,,,,,,,1
Licencia Gnomo #60,Licencia Gnomo #60,https://docs.valentigamez.com/2357/_media/licencia-mecenas-gnomo.png,60,2,,,,,,,1
Licencia Gnomo #61,Licencia Gnomo #61,https://docs.valentigamez.com/2357/_media/licencia-mecenas-gnomo.png,61,2,,,,,,,1
Licencia Gnomo #62,Licencia Gnomo #62,https://docs.valentigamez.com/2357/_media/licencia-mecenas-gnomo.png,62,2,,,,,,,1
Licencia Gnomo #63,Licencia Gnomo #63,https://docs.valentigamez.com/2357/_media/licencia-mecenas-gnomo.png,63,2,,,,,,,1
Licencia Gnomo #64,Licencia Gnomo #64,https://docs.valentigamez.com/2357/_media/licencia-mecenas-gnomo.png,64,2,,,,,,,1
Licencia Gnomo #65,Licencia Gnomo #65,https://docs.valentigamez.com/2357/_media/licencia-mecenas-gnomo.png,65,2,,,,,,,1
Licencia Gnomo #66,Licencia Gnomo #66,https://docs.valentigamez.com/2357/_media/licencia-mecenas-gnomo.png,66,2,,,,,,,1
Licencia Gnomo #67,Licencia Gnomo #67,https://docs.valentigamez.com/2357/_media/licencia-mecenas-gnomo.png,67,2,,,,,,,1
Licencia Gnomo #68,Licencia Gnomo #68,https://docs.valentigamez.com/2357/_media/licencia-mecenas-gnomo.png,68,2,,,,,,,1
Licencia Gnomo #69,Licencia Gnomo #69,https://docs.valentigamez.com/2357/_media/licencia-mecenas-gnomo.png,69,2,,,,,,,1
Licencia Gnomo #70,Licencia Gnomo #70,https://docs.valentigamez.com/2357/_media/licencia-mecenas-gnomo.png,70,2,,,,,,,1
Licencia Gnomo #71,Licencia Gnomo #71,https://docs.valentigamez.com/2357/_media/licencia-mecenas-gnomo.png,71,2,,,,,,,1
Licencia Gnomo #72,Licencia Gnomo #72,https://docs.valentigamez.com/2357/_media/licencia-mecenas-gnomo.png,72,2,,,,,,,1
Licencia Gnomo #73,Licencia Gnomo #73,https://docs.valentigamez.com/2357/_media/licencia-mecenas-gnomo.png,73,2,,,,,,,1
Licencia Gnomo #74,Licencia Gnomo #74,https://docs.valentigamez.com/2357/_media/licencia-mecenas-gnomo.png,74,2,,,,,,,1
Licencia Gnomo #75,Licencia Gnomo #75,https://docs.valentigamez.com/2357/_media/licencia-mecenas-gnomo.png,75,2,,,,,,,1
Licencia Gnomo #76,Licencia Gnomo #76,https://docs.valentigamez.com/2357/_media/licencia-mecenas-gnomo.png,76,2,,,,,,,1
Licencia Gnomo #77,Licencia Gnomo #77,https://docs.valentigamez.com/2357/_media/licencia-mecenas-gnomo.png,77,2,,,,,,,1
Licencia Gnomo #78,Licencia Gnomo #78,https://docs.valentigamez.com/2357/_media/licencia-mecenas-gnomo.png,78,2,,,,,,,1
Licencia Gnomo #79,Licencia Gnomo #79,https://docs.valentigamez.com/2357/_media/licencia-mecenas-gnomo.png,79,2,,,,,,,1
Licencia Gnomo #80,Licencia Gnomo #80,https://docs.valentigamez.com/2357/_media/licencia-mecenas-gnomo.png,80,2,,,,,,,1
Licencia Gnomo #81,Licencia Gnomo #81,https://docs.valentigamez.com/2357/_media/licencia-mecenas-gnomo.png,81,2,,,,,,,1
Licencia Gnomo #82,Licencia Gnomo #82,https://docs.valentigamez.com/2357/_media/licencia-mecenas-gnomo.png,82,2,,,,,,,1
Licencia Gnomo #83,Licencia Gnomo #83,https://docs.valentigamez.com/2357/_media/licencia-mecenas-gnomo.png,83,2,,,,,,,1
Licencia Gnomo #84,Licencia Gnomo #84,https://docs.valentigamez.com/2357/_media/licencia-mecenas-gnomo.png,84,2,,,,,,,1
Licencia Gnomo #85,Licencia Gnomo #85,https://docs.valentigamez.com/2357/_media/licencia-mecenas-gnomo.png,85,2,,,,,,,1
Licencia Gnomo #86,Licencia Gnomo #86,https://docs.valentigamez.com/2357/_media/licencia-mecenas-gnomo.png,86,2,,,,,,,1
Licencia Gnomo #87,Licencia Gnomo #87,https://docs.valentigamez.com/2357/_media/licencia-mecenas-gnomo.png,87,2,,,,,,,1
Licencia Gnomo #88,Licencia Gnomo #88,https://docs.valentigamez.com/2357/_media/licencia-mecenas-gnomo.png,88,2,,,,,,,1
Licencia Gnomo #89,Licencia Gnomo #89,https://docs.valentigamez.com/2357/_media/licencia-mecenas-gnomo.png,89,2,,,,,,,1
Licencia Gnomo #90,Licencia Gnomo #90,https://docs.valentigamez.com/2357/_media/licencia-mecenas-gnomo.png,90,2,,,,,,,1
Licencia Gnomo #91,Licencia Gnomo #91,https://docs.valentigamez.com/2357/_media/licencia-mecenas-gnomo.png,91,2,,,,,,,1
Licencia Gnomo #92,Licencia Gnomo #92,https://docs.valentigamez.com/2357/_media/licencia-mecenas-gnomo.png,92,2,,,,,,,1
Licencia Gnomo #93,Licencia Gnomo #93,https://docs.valentigamez.com/2357/_media/licencia-mecenas-gnomo.png,93,2,,,,,,,1
Licencia Gnomo #94,Licencia Gnomo #94,https://docs.valentigamez.com/2357/_media/licencia-mecenas-gnomo.png,94,2,,,,,,,1
Licencia Gnomo #95,Licencia Gnomo #95,https://docs.valentigamez.com/2357/_media/licencia-mecenas-gnomo.png,95,2,,,,,,,1
Licencia Gnomo #96,Licencia Gnomo #96,https://docs.valentigamez.com/2357/_media/licencia-mecenas-gnomo.png,96,2,,,,,,,1
Licencia Gnomo #97,Licencia Gnomo #97,https://docs.valentigamez.com/2357/_media/licencia-mecenas-gnomo.png,97,2,,,,,,,1
Licencia Gnomo #98,Licencia Gnomo #98,https://docs.valentigamez.com/2357/_media/licencia-mecenas-gnomo.png,98,2,,,,,,,1
Licencia Gnomo #99,Licencia Gnomo #99,https://docs.valentigamez.com/2357/_media/licencia-mecenas-gnomo.png,99,2,,,,,,,1
Licencia Gnomo #100,Licencia Gnomo #100,https://docs.valentigamez.com/2357/_media/licencia-mecenas-gnomo.png,100,2,,,,,,,1
Licencia Gnomo #101,Licencia Gnomo #101,https://docs.valentigamez.com/2357/_media/licencia-mecenas-gnomo.png,101,2,,,,,,,1
Licencia Gnomo #102,Licencia Gnomo #102,https://docs.valentigamez.com/2357/_media/licencia-mecenas-gnomo.png,102,2,,,,,,,1
Licencia Gnomo #103,Licencia Gnomo #103,https://docs.valentigamez.com/2357/_media/licencia-mecenas-gnomo.png,103,2,,,,,,,1
Licencia Gnomo #104,Licencia Gnomo #104,https://docs.valentigamez.com/2357/_media/licencia-mecenas-gnomo.png,104,2,,,,,,,1
Licencia Gnomo #105,Licencia Gnomo #105,https://docs.valentigamez.com/2357/_media/licencia-mecenas-gnomo.png,105,2,,,,,,,1
Licencia Gnomo #106,Licencia Gnomo #106,https://docs.valentigamez.com/2357/_media/licencia-mecenas-gnomo.png,106,2,,,,,,,1
Licencia Gnomo #107,Licencia Gnomo #107,https://docs.valentigamez.com/2357/_media/licencia-mecenas-gnomo.png,107,2,,,,,,,1
Licencia Gnomo #108,Licencia Gnomo #108,https://docs.valentigamez.com/2357/_media/licencia-mecenas-gnomo.png,108,2,,,,,,,1
Licencia Gnomo #109,Licencia Gnomo #109,https://docs.valentigamez.com/2357/_media/licencia-mecenas-gnomo.png,109,2,,,,,,,1
Licencia Gnomo #110,Licencia Gnomo #110,https://docs.valentigamez.com/2357/_media/licencia-mecenas-gnomo.png,110,2,,,,,,,1
Licencia Gnomo #111,Licencia Gnomo #111,https://docs.valentigamez.com/2357/_media/licencia-mecenas-gnomo.png,111,2,,,,,,,1
Licencia Gnomo #112,Licencia Gnomo #112,https://docs.valentigamez.com/2357/_media/licencia-mecenas-gnomo.png,112,2,,,,,,,1
Licencia Gnomo #113,Licencia Gnomo #113,https://docs.valentigamez.com/2357/_media/licencia-mecenas-gnomo.png,113,2,,,,,,,1
Licencia Gnomo #114,Licencia Gnomo #114,https://docs.valentigamez.com/2357/_media/licencia-mecenas-gnomo.png,114,2,,,,,,,1
Licencia Gnomo #115,Licencia Gnomo #115,https://docs.valentigamez.com/2357/_media/licencia-mecenas-gnomo.png,115,2,,,,,,,1
Licencia Gnomo #116,Licencia Gnomo #116,https://docs.valentigamez.com/2357/_media/licencia-mecenas-gnomo.png,116,2,,,,,,,1
Licencia Gnomo #117,Licencia Gnomo #117,https://docs.valentigamez.com/2357/_media/licencia-mecenas-gnomo.png,117,2,,,,,,,1
Licencia Gnomo #118,Licencia Gnomo #118,https://docs.valentigamez.com/2357/_media/licencia-mecenas-gnomo.png,118,2,,,,,,,1
Licencia Gnomo #119,Licencia Gnomo #119,https://docs.valentigamez.com/2357/_media/licencia-mecenas-gnomo.png,119,2,,,,,,,1
Licencia Gnomo #120,Licencia Gnomo #120,https://docs.valentigamez.com/2357/_media/licencia-mecenas-gnomo.png,120,2,,,,,,,1
Licencia Gnomo #121,Licencia Gnomo #121,https://docs.valentigamez.com/2357/_media/licencia-mecenas-gnomo.png,121,2,,,,,,,1
Licencia Gnomo #122,Licencia Gnomo #122,https://docs.valentigamez.com/2357/_media/licencia-mecenas-gnomo.png,122,2,,,,,,,1
Licencia Gnomo #123,Licencia Gnomo #123,https://docs.valentigamez.com/2357/_media/licencia-mecenas-gnomo.png,123,2,,,,,,,1
Licencia Gnomo #124,Licencia Gnomo #124,https://docs.valentigamez.com/2357/_media/licencia-mecenas-gnomo.png,124,2,,,,,,,1
Licencia Gnomo #125,Licencia Gnomo #125,https://docs.valentigamez.com/2357/_media/licencia-mecenas-gnomo.png,125,2,,,,,,,1
Licencia Gnomo #126,Licencia Gnomo #126,https://docs.valentigamez.com/2357/_media/licencia-mecenas-gnomo.png,126,2,,,,,,,1
Licencia Gnomo #127,Licencia Gnomo #127,https://docs.valentigamez.com/2357/_media/licencia-mecenas-gnomo.png,127,2,,,,,,,1
Licencia Gnomo #128,Licencia Gnomo #128,https://docs.valentigamez.com/2357/_media/licencia-mecenas-gnomo.png,128,2,,,,,,,1
Licencia Gnomo #129,Licencia Gnomo #129,https://docs.valentigamez.com/2357/_media/licencia-mecenas-gnomo.png,129,2,,,,,,,1
Licencia Gnomo #130,Licencia Gnomo #130,https://docs.valentigamez.com/2357/_media/licencia-mecenas-gnomo.png,130,2,,,,,,,1
Licencia Gnomo #131,Licencia Gnomo #131,https://docs.valentigamez.com/2357/_media/licencia-mecenas-gnomo.png,131,2,,,,,,,1
Licencia Gnomo #132,Licencia Gnomo #132,https://docs.valentigamez.com/2357/_media/licencia-mecenas-gnomo.png,132,2,,,,,,,1
Licencia Gnomo #133,Licencia Gnomo #133,https://docs.valentigamez.com/2357/_media/licencia-mecenas-gnomo.png,133,2,,,,,,,1
Licencia Gnomo #134,Licencia Gnomo #134,https://docs.valentigamez.com/2357/_media/licencia-mecenas-gnomo.png,134,2,,,,,,,1
Licencia Gnomo #135,Licencia Gnomo #135,https://docs.valentigamez.com/2357/_media/licencia-mecenas-gnomo.png,135,2,,,,,,,1
Licencia Gnomo #136,Licencia Gnomo #136,https://docs.valentigamez.com/2357/_media/licencia-mecenas-gnomo.png,136,2,,,,,,,1
Licencia Gnomo #137,Licencia Gnomo #137,https://docs.valentigamez.com/2357/_media/licencia-mecenas-gnomo.png,137,2,,,,,,,1
Licencia Gnomo #138,Licencia Gnomo #138,https://docs.valentigamez.com/2357/_media/licencia-mecenas-gnomo.png,138,2,,,,,,,1
Licencia Gnomo #139,Licencia Gnomo #139,https://docs.valentigamez.com/2357/_media/licencia-mecenas-gnomo.png,139,2,,,,,,,1
Licencia Gnomo #140,Licencia Gnomo #140,https://docs.valentigamez.com/2357/_media/licencia-mecenas-gnomo.png,140,2,,,,,,,1
Licencia Gnomo #141,Licencia Gnomo #141,https://docs.valentigamez.com/2357/_media/licencia-mecenas-gnomo.png,141,2,,,,,,,1
Licencia Gnomo #142,Licencia Gnomo #142,https://docs.valentigamez.com/2357/_media/licencia-mecenas-gnomo.png,142,2,,,,,,,1
Licencia Gnomo #143,Licencia Gnomo #143,https://docs.valentigamez.com/2357/_media/licencia-mecenas-gnomo.png,143,2,,,,,,,1
Licencia Gnomo #144,Licencia Gnomo #144,https://docs.valentigamez.com/2357/_media/licencia-mecenas-gnomo.png,144,2,,,,,,,1
Licencia Gnomo #145,Licencia Gnomo #145,https://docs.valentigamez.com/2357/_media/licencia-mecenas-gnomo.png,145,2,,,,,,,1
Licencia Gnomo #146,Licencia Gnomo #146,https://docs.valentigamez.com/2357/_media/licencia-mecenas-gnomo.png,146,2,,,,,,,1
Licencia Gnomo #147,Licencia Gnomo #147,https://docs.valentigamez.com/2357/_media/licencia-mecenas-gnomo.png,147,2,,,,,,,1
Licencia Gnomo #148,Licencia Gnomo #148,https://docs.valentigamez.com/2357/_media/licencia-mecenas-gnomo.png,148,2,,,,,,,1
Licencia Gnomo #149,Licencia Gnomo #149,https://docs.valentigamez.com/2357/_media/licencia-mecenas-gnomo.png,149,2,,,,,,,1
Licencia Gnomo #150,Licencia Gnomo #150,https://docs.valentigamez.com/2357/_media/licencia-mecenas-gnomo.png,150,2,,,,,,,1
Licencia Gnomo #151,Licencia Gnomo #151,https://docs.valentigamez.com/2357/_media/licencia-mecenas-gnomo.png,151,2,,,,,,,1
Licencia Gnomo #152,Licencia Gnomo #152,https://docs.valentigamez.com/2357/_media/licencia-mecenas-gnomo.png,152,2,,,,,,,1
Licencia Gnomo #153,Licencia Gnomo #153,https://docs.valentigamez.com/2357/_media/licencia-mecenas-gnomo.png,153,2,,,,,,,1
Licencia Gnomo #154,Licencia Gnomo #154,https://docs.valentigamez.com/2357/_media/licencia-mecenas-gnomo.png,154,2,,,,,,,1
Licencia Gnomo #155,Licencia Gnomo #155,https://docs.valentigamez.com/2357/_media/licencia-mecenas-gnomo.png,155,2,,,,,,,1
Licencia Gnomo #156,Licencia Gnomo #156,https://docs.valentigamez.com/2357/_media/licencia-mecenas-gnomo.png,156,2,,,,,,,1
Licencia Gnomo #157,Licencia Gnomo #157,https://docs.valentigamez.com/2357/_media/licencia-mecenas-gnomo.png,157,2,,,,,,,1
Licencia Gnomo #158,Licencia Gnomo #158,https://docs.valentigamez.com/2357/_media/licencia-mecenas-gnomo.png,158,2,,,,,,,1
Licencia Gnomo #159,Licencia Gnomo #159,https://docs.valentigamez.com/2357/_media/licencia-mecenas-gnomo.png,159,2,,,,,,,1
Licencia Gnomo #160,Licencia Gnomo #160,https://docs.valentigamez.com/2357/_media/licencia-mecenas-gnomo.png,160,2,,,,,,,1
Licencia Gnomo #161,Licencia Gnomo #161,https://docs.valentigamez.com/2357/_media/licencia-mecenas-gnomo.png,161,2,,,,,,,1
Licencia Gnomo #162,Licencia Gnomo #162,https://docs.valentigamez.com/2357/_media/licencia-mecenas-gnomo.png,162,2,,,,,,,1
Licencia Gnomo #163,Licencia Gnomo #163,https://docs.valentigamez.com/2357/_media/licencia-mecenas-gnomo.png,163,2,,,,,,,1
Licencia Gnomo #164,Licencia Gnomo #164,https://docs.valentigamez.com/2357/_media/licencia-mecenas-gnomo.png,164,2,,,,,,,1
Licencia Gnomo #165,Licencia Gnomo #165,https://docs.valentigamez.com/2357/_media/licencia-mecenas-gnomo.png,165,2,,,,,,,1
Licencia Gnomo #166,Licencia Gnomo #166,https://docs.valentigamez.com/2357/_media/licencia-mecenas-gnomo.png,166,2,,,,,,,1
Licencia Gnomo #167,Licencia Gnomo #167,https://docs.valentigamez.com/2357/_media/licencia-mecenas-gnomo.png,167,2,,,,,,,1
Licencia Gnomo #168,Licencia Gnomo #168,https://docs.valentigamez.com/2357/_media/licencia-mecenas-gnomo.png,168,2,,,,,,,1
Licencia Gnomo #169,Licencia Gnomo #169,https://docs.valentigamez.com/2357/_media/licencia-mecenas-gnomo.png,169,2,,,,,,,1
Licencia Gnomo #170,Licencia Gnomo #170,https://docs.valentigamez.com/2357/_media/licencia-mecenas-gnomo.png,170,2,,,,,,,1
Licencia Gnomo #171,Licencia Gnomo #171,https://docs.valentigamez.com/2357/_media/licencia-mecenas-gnomo.png,171,2,,,,,,,1
Licencia Gnomo #172,Licencia Gnomo #172,https://docs.valentigamez.com/2357/_media/licencia-mecenas-gnomo.png,172,2,,,,,,,1
Licencia Gnomo #173,Licencia Gnomo #173,https://docs.valentigamez.com/2357/_media/licencia-mecenas-gnomo.png,173,2,,,,,,,1
Licencia Gnomo #174,Licencia Gnomo #174,https://docs.valentigamez.com/2357/_media/licencia-mecenas-gnomo.png,174,2,,,,,,,1
Licencia Gnomo #175,Licencia Gnomo #175,https://docs.valentigamez.com/2357/_media/licencia-mecenas-gnomo.png,175,2,,,,,,,1
Licencia Gnomo #176,Licencia Gnomo #176,https://docs.valentigamez.com/2357/_media/licencia-mecenas-gnomo.png,176,2,,,,,,,1
Licencia Gnomo #177,Licencia Gnomo #177,https://docs.valentigamez.com/2357/_media/licencia-mecenas-gnomo.png,177,2,,,,,,,1
Licencia Gnomo #178,Licencia Gnomo #178,https://docs.valentigamez.com/2357/_media/licencia-mecenas-gnomo.png,178,2,,,,,,,1
Licencia Gnomo #179,Licencia Gnomo #179,https://docs.valentigamez.com/2357/_media/licencia-mecenas-gnomo.png,179,2,,,,,,,1
Licencia Gnomo #180,Licencia Gnomo #180,https://docs.valentigamez.com/2357/_media/licencia-mecenas-gnomo.png,180,2,,,,,,,1
Licencia Gnomo #181,Licencia Gnomo #181,https://docs.valentigamez.com/2357/_media/licencia-mecenas-gnomo.png,181,2,,,,,,,1
Licencia Gnomo #182,Licencia Gnomo #182,https://docs.valentigamez.com/2357/_media/licencia-mecenas-gnomo.png,182,2,,,,,,,1
Licencia Gnomo #183,Licencia Gnomo #183,https://docs.valentigamez.com/2357/_media/licencia-mecenas-gnomo.png,183,2,,,,,,,1
Licencia Gnomo #184,Licencia Gnomo #184,https://docs.valentigamez.com/2357/_media/licencia-mecenas-gnomo.png,184,2,,,,,,,1
Licencia Gnomo #185,Licencia Gnomo #185,https://docs.valentigamez.com/2357/_media/licencia-mecenas-gnomo.png,185,2,,,,,,,1
Licencia Gnomo #186,Licencia Gnomo #186,https://docs.valentigamez.com/2357/_media/licencia-mecenas-gnomo.png,186,2,,,,,,,1
Licencia Gnomo #187,Licencia Gnomo #187,https://docs.valentigamez.com/2357/_media/licencia-mecenas-gnomo.png,187,2,,,,,,,1
Licencia Gnomo #188,Licencia Gnomo #188,https://docs.valentigamez.com/2357/_media/licencia-mecenas-gnomo.png,188,2,,,,,,,1
Licencia Gnomo #189,Licencia Gnomo #189,https://docs.valentigamez.com/2357/_media/licencia-mecenas-gnomo.png,189,2,,,,,,,1
Licencia Gnomo #190,Licencia Gnomo #190,https://docs.valentigamez.com/2357/_media/licencia-mecenas-gnomo.png,190,2,,,,,,,1
Licencia Gnomo #191,Licencia Gnomo #191,https://docs.valentigamez.com/2357/_media/licencia-mecenas-gnomo.png,191,2,,,,,,,1
Licencia Gnomo #192,Licencia Gnomo #192,https://docs.valentigamez.com/2357/_media/licencia-mecenas-gnomo.png,192,2,,,,,,,1
Licencia Gnomo #193,Licencia Gnomo #193,https://docs.valentigamez.com/2357/_media/licencia-mecenas-gnomo.png,193,2,,,,,,,1
Licencia Gnomo #194,Licencia Gnomo #194,https://docs.valentigamez.com/2357/_media/licencia-mecenas-gnomo.png,194,2,,,,,,,1
Licencia Gnomo #195,Licencia Gnomo #195,https://docs.valentigamez.com/2357/_media/licencia-mecenas-gnomo.png,195,2,,,,,,,1
Licencia Gnomo #196,Licencia Gnomo #196,https://docs.valentigamez.com/2357/_media/licencia-mecenas-gnomo.png,196,2,,,,,,,1
Licencia Gnomo #197,Licencia Gnomo #197,https://docs.valentigamez.com/2357/_media/licencia-mecenas-gnomo.png,197,2,,,,,,,1
Licencia Gnomo #198,Licencia Gnomo #198,https://docs.valentigamez.com/2357/_media/licencia-mecenas-gnomo.png,198,2,,,,,,,1
Licencia Gnomo #199,Licencia Gnomo #199,https://docs.valentigamez.com/2357/_media/licencia-mecenas-gnomo.png,199,2,,,,,,,1
Licencia Gnomo #200,Licencia Gnomo #200,https://docs.valentigamez.com/2357/_media/licencia-mecenas-gnomo.png,200,2,,,,,,,1
Licencia Gnomo #201,Licencia Gnomo #201,https://docs.valentigamez.com/2357/_media/licencia-mecenas-gnomo.png,201,2,,,,,,,1
Licencia Gnomo #202,Licencia Gnomo #202,https://docs.valentigamez.com/2357/_media/licencia-mecenas-gnomo.png,202,2,,,,,,,1
Licencia Gnomo #203,Licencia Gnomo #203,https://docs.valentigamez.com/2357/_media/licencia-mecenas-gnomo.png,203,2,,,,,,,1
Licencia Gnomo #204,Licencia Gnomo #204,https://docs.valentigamez.com/2357/_media/licencia-mecenas-gnomo.png,204,2,,,,,,,1
Licencia Gnomo #205,Licencia Gnomo #205,https://docs.valentigamez.com/2357/_media/licencia-mecenas-gnomo.png,205,2,,,,,,,1
Licencia Gnomo #206,Licencia Gnomo #206,https://docs.valentigamez.com/2357/_media/licencia-mecenas-gnomo.png,206,2,,,,,,,1
Licencia Gnomo #207,Licencia Gnomo #207,https://docs.valentigamez.com/2357/_media/licencia-mecenas-gnomo.png,207,2,,,,,,,1
Licencia Gnomo #208,Licencia Gnomo #208,https://docs.valentigamez.com/2357/_media/licencia-mecenas-gnomo.png,208,2,,,,,,,1
Licencia Gnomo #209,Licencia Gnomo #209,https://docs.valentigamez.com/2357/_media/licencia-mecenas-gnomo.png,209,2,,,,,,,1
Licencia Gnomo #210,Licencia Gnomo #210,https://docs.valentigamez.com/2357/_media/licencia-mecenas-gnomo.png,210,2,,,,,,,1
Licencia Gnomo #211,Licencia Gnomo #211,https://docs.valentigamez.com/2357/_media/licencia-mecenas-gnomo.png,211,2,,,,,,,1
Licencia Gnomo #212,Licencia Gnomo #212,https://docs.valentigamez.com/2357/_media/licencia-mecenas-gnomo.png,212,2,,,,,,,1
Licencia Gnomo #213,Licencia Gnomo #213,https://docs.valentigamez.com/2357/_media/licencia-mecenas-gnomo.png,213,2,,,,,,,1
Licencia Gnomo #214,Licencia Gnomo #214,https://docs.valentigamez.com/2357/_media/licencia-mecenas-gnomo.png,214,2,,,,,,,1
Licencia Gnomo #215,Licencia Gnomo #215,https://docs.valentigamez.com/2357/_media/licencia-mecenas-gnomo.png,215,2,,,,,,,1
Licencia Gnomo #216,Licencia Gnomo #216,https://docs.valentigamez.com/2357/_media/licencia-mecenas-gnomo.png,216,2,,,,,,,1
Licencia Gnomo #217,Licencia Gnomo #217,https://docs.valentigamez.com/2357/_media/licencia-mecenas-gnomo.png,217,2,,,,,,,1
Licencia Gnomo #218,Licencia Gnomo #218,https://docs.valentigamez.com/2357/_media/licencia-mecenas-gnomo.png,218,2,,,,,,,1
Licencia Gnomo #219,Licencia Gnomo #219,https://docs.valentigamez.com/2357/_media/licencia-mecenas-gnomo.png,219,2,,,,,,,1
Licencia Gnomo #220,Licencia Gnomo #220,https://docs.valentigamez.com/2357/_media/licencia-mecenas-gnomo.png,220,2,,,,,,,1
Licencia Gnomo #221,Licencia Gnomo #221,https://docs.valentigamez.com/2357/_media/licencia-mecenas-gnomo.png,221,2,,,,,,,1
Licencia Gnomo #222,Licencia Gnomo #222,https://docs.valentigamez.com/2357/_media/licencia-mecenas-gnomo.png,222,2,,,,,,,1
Licencia Gnomo #223,Licencia Gnomo #223,https://docs.valentigamez.com/2357/_media/licencia-mecenas-gnomo.png,223,2,,,,,,,1
Licencia Gnomo #224,Licencia Gnomo #224,https://docs.valentigamez.com/2357/_media/licencia-mecenas-gnomo.png,224,2,,,,,,,1
Licencia Gnomo #225,Licencia Gnomo #225,https://docs.valentigamez.com/2357/_media/licencia-mecenas-gnomo.png,225,2,,,,,,,1
Licencia Gnomo #226,Licencia Gnomo #226,https://docs.valentigamez.com/2357/_media/licencia-mecenas-gnomo.png,226,2,,,,,,,1
Licencia Gnomo #227,Licencia Gnomo #227,https://docs.valentigamez.com/2357/_media/licencia-mecenas-gnomo.png,227,2,,,,,,,1
Licencia Gnomo #228,Licencia Gnomo #228,https://docs.valentigamez.com/2357/_media/licencia-mecenas-gnomo.png,228,2,,,,,,,1
Licencia Gnomo #229,Licencia Gnomo #229,https://docs.valentigamez.com/2357/_media/licencia-mecenas-gnomo.png,229,2,,,,,,,1
Licencia Gnomo #230,Licencia Gnomo #230,https://docs.valentigamez.com/2357/_media/licencia-mecenas-gnomo.png,230,2,,,,,,,1
Licencia Gnomo #231,Licencia Gnomo #231,https://docs.valentigamez.com/2357/_media/licencia-mecenas-gnomo.png,231,2,,,,,,,1
Licencia Gnomo #232,Licencia Gnomo #232,https://docs.valentigamez.com/2357/_media/licencia-mecenas-gnomo.png,232,2,,,,,,,1
Licencia Gnomo #233,Licencia Gnomo #233,https://docs.valentigamez.com/2357/_media/licencia-mecenas-gnomo.png,233,2,,,,,,,1
Licencia Gnomo #234,Licencia Gnomo #234,https://docs.valentigamez.com/2357/_media/licencia-mecenas-gnomo.png,234,2,,,,,,,1
Licencia Gnomo #235,Licencia Gnomo #235,https://docs.valentigamez.com/2357/_media/licencia-mecenas-gnomo.png,235,2,,,,,,,1
Licencia Gnomo #236,Licencia Gnomo #236,https://docs.valentigamez.com/2357/_media/licencia-mecenas-gnomo.png,236,2,,,,,,,1
Licencia Gnomo #237,Licencia Gnomo #237,https://docs.valentigamez.com/2357/_media/licencia-mecenas-gnomo.png,237,2,,,,,,,1
Licencia Gnomo #238,Licencia Gnomo #238,https://docs.valentigamez.com/2357/_media/licencia-mecenas-gnomo.png,238,2,,,,,,,1
Licencia Gnomo #239,Licencia Gnomo #239,https://docs.valentigamez.com/2357/_media/licencia-mecenas-gnomo.png,239,2,,,,,,,1
Licencia Gnomo #240,Licencia Gnomo #240,https://docs.valentigamez.com/2357/_media/licencia-mecenas-gnomo.png,240,2,,,,,,,1
Licencia Gnomo #241,Licencia Gnomo #241,https://docs.valentigamez.com/2357/_media/licencia-mecenas-gnomo.png,241,2,,,,,,,1
Licencia Gnomo #242,Licencia Gnomo #242,https://docs.valentigamez.com/2357/_media/licencia-mecenas-gnomo.png,242,2,,,,,,,1
Licencia Gnomo #243,Licencia Gnomo #243,https://docs.valentigamez.com/2357/_media/licencia-mecenas-gnomo.png,243,2,,,,,,,1
Licencia Gnomo #244,Licencia Gnomo #244,https://docs.valentigamez.com/2357/_media/licencia-mecenas-gnomo.png,244,2,,,,,,,1
Licencia Gnomo #245,Licencia Gnomo #245,https://docs.valentigamez.com/2357/_media/licencia-mecenas-gnomo.png,245,2,,,,,,,1
Licencia Gnomo #246,Licencia Gnomo #246,https://docs.valentigamez.com/2357/_media/licencia-mecenas-gnomo.png,246,2,,,,,,,1
Licencia Gnomo #247,Licencia Gnomo #247,https://docs.valentigamez.com/2357/_media/licencia-mecenas-gnomo.png,247,2,,,,,,,1
Licencia Gnomo #248,Licencia Gnomo #248,https://docs.valentigamez.com/2357/_media/licencia-mecenas-gnomo.png,248,2,,,,,,,1
Licencia Gnomo #249,Licencia Gnomo #249,https://docs.valentigamez.com/2357/_media/licencia-mecenas-gnomo.png,249,2,,,,,,,1
Licencia Gnomo #250,Licencia Gnomo #250,https://docs.valentigamez.com/2357/_media/licencia-mecenas-gnomo.png,250,2,,,,,,,1
Licencia Gnomo #251,Licencia Gnomo #251,https://docs.valentigamez.com/2357/_media/licencia-mecenas-gnomo.png,251,2,,,,,,,1
Licencia Gnomo #252,Licencia Gnomo #252,https://docs.valentigamez.com/2357/_media/licencia-mecenas-gnomo.png,252,2,,,,,,,1
Licencia Gnomo #253,Licencia Gnomo #253,https://docs.valentigamez.com/2357/_media/licencia-mecenas-gnomo.png,253,2,,,,,,,1
Licencia Gnomo #254,Licencia Gnomo #254,https://docs.valentigamez.com/2357/_media/licencia-mecenas-gnomo.png,254,2,,,,,,,1
Licencia Gnomo #255,Licencia Gnomo #255,https://docs.valentigamez.com/2357/_media/licencia-mecenas-gnomo.png,255,2,,,,,,,1
Licencia Gnomo #256,Licencia Gnomo #256,https://docs.valentigamez.com/2357/_media/licencia-mecenas-gnomo.png,256,2,,,,,,,1
Licencia Gnomo #257,Licencia Gnomo #257,https://docs.valentigamez.com/2357/_media/licencia-mecenas-gnomo.png,257,2,,,,,,,1
Licencia Gnomo #258,Licencia Gnomo #258,https://docs.valentigamez.com/2357/_media/licencia-mecenas-gnomo.png,258,2,,,,,,,1
Licencia Gnomo #259,Licencia Gnomo #259,https://docs.valentigamez.com/2357/_media/licencia-mecenas-gnomo.png,259,2,,,,,,,1
Licencia Gnomo #260,Licencia Gnomo #260,https://docs.valentigamez.com/2357/_media/licencia-mecenas-gnomo.png,260,2,,,,,,,1
Licencia Gnomo #261,Licencia Gnomo #261,https://docs.valentigamez.com/2357/_media/licencia-mecenas-gnomo.png,261,2,,,,,,,1
Licencia Gnomo #262,Licencia Gnomo #262,https://docs.valentigamez.com/2357/_media/licencia-mecenas-gnomo.png,262,2,,,,,,,1
Licencia Gnomo #263,Licencia Gnomo #263,https://docs.valentigamez.com/2357/_media/licencia-mecenas-gnomo.png,263,2,,,,,,,1
Licencia Gnomo #264,Licencia Gnomo #264,https://docs.valentigamez.com/2357/_media/licencia-mecenas-gnomo.png,264,2,,,,,,,1
Licencia Gnomo #265,Licencia Gnomo #265,https://docs.valentigamez.com/2357/_media/licencia-mecenas-gnomo.png,265,2,,,,,,,1
Licencia Gnomo #266,Licencia Gnomo #266,https://docs.valentigamez.com/2357/_media/licencia-mecenas-gnomo.png,266,2,,,,,,,1
Licencia Gnomo #267,Licencia Gnomo #267,https://docs.valentigamez.com/2357/_media/licencia-mecenas-gnomo.png,267,2,,,,,,,1
Licencia Gnomo #268,Licencia Gnomo #268,https://docs.valentigamez.com/2357/_media/licencia-mecenas-gnomo.png,268,2,,,,,,,1
Licencia Gnomo #269,Licencia Gnomo #269,https://docs.valentigamez.com/2357/_media/licencia-mecenas-gnomo.png,269,2,,,,,,,1
Licencia Gnomo #270,Licencia Gnomo #270,https://docs.valentigamez.com/2357/_media/licencia-mecenas-gnomo.png,270,2,,,,,,,1
Licencia Gnomo #271,Licencia Gnomo #271,https://docs.valentigamez.com/2357/_media/licencia-mecenas-gnomo.png,271,2,,,,,,,1
Licencia Gnomo #272,Licencia Gnomo #272,https://docs.valentigamez.com/2357/_media/licencia-mecenas-gnomo.png,272,2,,,,,,,1
Licencia Gnomo #273,Licencia Gnomo #273,https://docs.valentigamez.com/2357/_media/licencia-mecenas-gnomo.png,273,2,,,,,,,1
Licencia Gnomo #274,Licencia Gnomo #274,https://docs.valentigamez.com/2357/_media/licencia-mecenas-gnomo.png,274,2,,,,,,,1
Licencia Gnomo #275,Licencia Gnomo #275,https://docs.valentigamez.com/2357/_media/licencia-mecenas-gnomo.png,275,2,,,,,,,1
Licencia Gnomo #276,Licencia Gnomo #276,https://docs.valentigamez.com/2357/_media/licencia-mecenas-gnomo.png,276,2,,,,,,,1
Licencia Gnomo #277,Licencia Gnomo #277,https://docs.valentigamez.com/2357/_media/licencia-mecenas-gnomo.png,277,2,,,,,,,1
Licencia Gnomo #278,Licencia Gnomo #278,https://docs.valentigamez.com/2357/_media/licencia-mecenas-gnomo.png,278,2,,,,,,,1
Licencia Gnomo #279,Licencia Gnomo #279,https://docs.valentigamez.com/2357/_media/licencia-mecenas-gnomo.png,279,2,,,,,,,1
Licencia Gnomo #280,Licencia Gnomo #280,https://docs.valentigamez.com/2357/_media/licencia-mecenas-gnomo.png,280,2,,,,,,,1
Licencia Gnomo #281,Licencia Gnomo #281,https://docs.valentigamez.com/2357/_media/licencia-mecenas-gnomo.png,281,2,,,,,,,1
Licencia Gnomo #282,Licencia Gnomo #282,https://docs.valentigamez.com/2357/_media/licencia-mecenas-gnomo.png,282,2,,,,,,,1
Licencia Gnomo #283,Licencia Gnomo #283,https://docs.valentigamez.com/2357/_media/licencia-mecenas-gnomo.png,283,2,,,,,,,1
Licencia Gnomo #284,Licencia Gnomo #284,https://docs.valentigamez.com/2357/_media/licencia-mecenas-gnomo.png,284,2,,,,,,,1
Licencia Gnomo #285,Licencia Gnomo #285,https://docs.valentigamez.com/2357/_media/licencia-mecenas-gnomo.png,285,2,,,,,,,1
Licencia Gnomo #286,Licencia Gnomo #286,https://docs.valentigamez.com/2357/_media/licencia-mecenas-gnomo.png,286,2,,,,,,,1
Licencia Gnomo #287,Licencia Gnomo #287,https://docs.valentigamez.com/2357/_media/licencia-mecenas-gnomo.png,287,2,,,,,,,1
Licencia Gnomo #288,Licencia Gnomo #288,https://docs.valentigamez.com/2357/_media/licencia-mecenas-gnomo.png,288,2,,,,,,,1
Licencia Gnomo #289,Licencia Gnomo #289,https://docs.valentigamez.com/2357/_media/licencia-mecenas-gnomo.png,289,2,,,,,,,1
Licencia Gnomo #290,Licencia Gnomo #290,https://docs.valentigamez.com/2357/_media/licencia-mecenas-gnomo.png,290,2,,,,,,,1
Licencia Gnomo #291,Licencia Gnomo #291,https://docs.valentigamez.com/2357/_media/licencia-mecenas-gnomo.png,291,2,,,,,,,1
Licencia Gnomo #292,Licencia Gnomo #292,https://docs.valentigamez.com/2357/_media/licencia-mecenas-gnomo.png,292,2,,,,,,,1
Licencia Gnomo #293,Licencia Gnomo #293,https://docs.valentigamez.com/2357/_media/licencia-mecenas-gnomo.png,293,2,,,,,,,1
Licencia Gnomo #294,Licencia Gnomo #294,https://docs.valentigamez.com/2357/_media/licencia-mecenas-gnomo.png,294,2,,,,,,,1
Licencia Gnomo #295,Licencia Gnomo #295,https://docs.valentigamez.com/2357/_media/licencia-mecenas-gnomo.png,295,2,,,,,,,1
Licencia Gnomo #296,Licencia Gnomo #296,https://docs.valentigamez.com/2357/_media/licencia-mecenas-gnomo.png,296,2,,,,,,,1
Licencia Gnomo #297,Licencia Gnomo #297,https://docs.valentigamez.com/2357/_media/licencia-mecenas-gnomo.png,297,2,,,,,,,1
Licencia Gnomo #298,Licencia Gnomo #298,https://docs.valentigamez.com/2357/_media/licencia-mecenas-gnomo.png,298,2,,,,,,,1
Licencia Gnomo #299,Licencia Gnomo #299,https://docs.valentigamez.com/2357/_media/licencia-mecenas-gnomo.png,299,2,,,,,,,1
Licencia Gnomo #300,Licencia Gnomo #300,https://docs.valentigamez.com/2357/_media/licencia-mecenas-gnomo.png,300,2,,,,,,,1
Licencia Gnomo #301,Licencia Gnomo #301,https://docs.valentigamez.com/2357/_media/licencia-mecenas-gnomo.png,301,2,,,,,,,1
Licencia Gnomo #302,Licencia Gnomo #302,https://docs.valentigamez.com/2357/_media/licencia-mecenas-gnomo.png,302,2,,,,,,,1
Licencia Gnomo #303,Licencia Gnomo #303,https://docs.valentigamez.com/2357/_media/licencia-mecenas-gnomo.png,303,2,,,,,,,1
Licencia Gnomo #304,Licencia Gnomo #304,https://docs.valentigamez.com/2357/_media/licencia-mecenas-gnomo.png,304,2,,,,,,,1
Licencia Gnomo #305,Licencia Gnomo #305,https://docs.valentigamez.com/2357/_media/licencia-mecenas-gnomo.png,305,2,,,,,,,1
Licencia Gnomo #306,Licencia Gnomo #306,https://docs.valentigamez.com/2357/_media/licencia-mecenas-gnomo.png,306,2,,,,,,,1
Licencia Gnomo #307,Licencia Gnomo #307,https://docs.valentigamez.com/2357/_media/licencia-mecenas-gnomo.png,307,2,,,,,,,1
Licencia Gnomo #308,Licencia Gnomo #308,https://docs.valentigamez.com/2357/_media/licencia-mecenas-gnomo.png,308,2,,,,,,,1
Licencia Gnomo #309,Licencia Gnomo #309,https://docs.valentigamez.com/2357/_media/licencia-mecenas-gnomo.png,309,2,,,,,,,1
Licencia Gnomo #310,Licencia Gnomo #310,https://docs.valentigamez.com/2357/_media/licencia-mecenas-gnomo.png,310,2,,,,,,,1
Licencia Gnomo #311,Licencia Gnomo #311,https://docs.valentigamez.com/2357/_media/licencia-mecenas-gnomo.png,311,2,,,,,,,1
Licencia Gnomo #312,Licencia Gnomo #312,https://docs.valentigamez.com/2357/_media/licencia-mecenas-gnomo.png,312,2,,,,,,,1
Licencia Gnomo #313,Licencia Gnomo #313,https://docs.valentigamez.com/2357/_media/licencia-mecenas-gnomo.png,313,2,,,,,,,1
Licencia Gnomo #314,Licencia Gnomo #314,https://docs.valentigamez.com/2357/_media/licencia-mecenas-gnomo.png,314,2,,,,,,,1
Licencia Gnomo #315,Licencia Gnomo #315,https://docs.valentigamez.com/2357/_media/licencia-mecenas-gnomo.png,315,2,,,,,,,1
Licencia Gnomo #316,Licencia Gnomo #316,https://docs.valentigamez.com/2357/_media/licencia-mecenas-gnomo.png,316,2,,,,,,,1
Licencia Gnomo #317,Licencia Gnomo #317,https://docs.valentigamez.com/2357/_media/licencia-mecenas-gnomo.png,317,2,,,,,,,1
Licencia Gnomo #318,Licencia Gnomo #318,https://docs.valentigamez.com/2357/_media/licencia-mecenas-gnomo.png,318,2,,,,,,,1
Licencia Gnomo #319,Licencia Gnomo #319,https://docs.valentigamez.com/2357/_media/licencia-mecenas-gnomo.png,319,2,,,,,,,1
Licencia Gnomo #320,Licencia Gnomo #320,https://docs.valentigamez.com/2357/_media/licencia-mecenas-gnomo.png,320,2,,,,,,,1
Licencia Gnomo #321,Licencia Gnomo #321,https://docs.valentigamez.com/2357/_media/licencia-mecenas-gnomo.png,321,2,,,,,,,1
Licencia Gnomo #322,Licencia Gnomo #322,https://docs.valentigamez.com/2357/_media/licencia-mecenas-gnomo.png,322,2,,,,,,,1
Licencia Gnomo #323,Licencia Gnomo #323,https://docs.valentigamez.com/2357/_media/licencia-mecenas-gnomo.png,323,2,,,,,,,1
Licencia Gnomo #324,Licencia Gnomo #324,https://docs.valentigamez.com/2357/_media/licencia-mecenas-gnomo.png,324,2,,,,,,,1
Licencia Gnomo #325,Licencia Gnomo #325,https://docs.valentigamez.com/2357/_media/licencia-mecenas-gnomo.png,325,2,,,,,,,1
Licencia Gnomo #326,Licencia Gnomo #326,https://docs.valentigamez.com/2357/_media/licencia-mecenas-gnomo.png,326,2,,,,,,,1
Licencia Gnomo #327,Licencia Gnomo #327,https://docs.valentigamez.com/2357/_media/licencia-mecenas-gnomo.png,327,2,,,,,,,1
Licencia Gnomo #328,Licencia Gnomo #328,https://docs.valentigamez.com/2357/_media/licencia-mecenas-gnomo.png,328,2,,,,,,,1
Licencia Gnomo #329,Licencia Gnomo #329,https://docs.valentigamez.com/2357/_media/licencia-mecenas-gnomo.png,329,2,,,,,,,1
Licencia Gnomo #330,Licencia Gnomo #330,https://docs.valentigamez.com/2357/_media/licencia-mecenas-gnomo.png,330,2,,,,,,,1
Licencia Gnomo #331,Licencia Gnomo #331,https://docs.valentigamez.com/2357/_media/licencia-mecenas-gnomo.png,331,2,,,,,,,1
Licencia Gnomo #332,Licencia Gnomo #332,https://docs.valentigamez.com/2357/_media/licencia-mecenas-gnomo.png,332,2,,,,,,,1
Licencia Gnomo #333,Licencia Gnomo #333,https://docs.valentigamez.com/2357/_media/licencia-mecenas-gnomo.png,333,2,,,,,,,1
Licencia Gnomo #334,Licencia Gnomo #334,https://docs.valentigamez.com/2357/_media/licencia-mecenas-gnomo.png,334,2,,,,,,,1
Licencia Gnomo #335,Licencia Gnomo #335,https://docs.valentigamez.com/2357/_media/licencia-mecenas-gnomo.png,335,2,,,,,,,1
Licencia Gnomo #336,Licencia Gnomo #336,https://docs.valentigamez.com/2357/_media/licencia-mecenas-gnomo.png,336,2,,,,,,,1
Licencia Gnomo #337,Licencia Gnomo #337,https://docs.valentigamez.com/2357/_media/licencia-mecenas-gnomo.png,337,2,,,,,,,1
Licencia Gnomo #338,Licencia Gnomo #338,https://docs.valentigamez.com/2357/_media/licencia-mecenas-gnomo.png,338,2,,,,,,,1
Licencia Gnomo #339,Licencia Gnomo #339,https://docs.valentigamez.com/2357/_media/licencia-mecenas-gnomo.png,339,2,,,,,,,1
Licencia Gnomo #340,Licencia Gnomo #340,https://docs.valentigamez.com/2357/_media/licencia-mecenas-gnomo.png,340,2,,,,,,,1
Licencia Gnomo #341,Licencia Gnomo #341,https://docs.valentigamez.com/2357/_media/licencia-mecenas-gnomo.png,341,2,,,,,,,1
Licencia Gnomo #342,Licencia Gnomo #342,https://docs.valentigamez.com/2357/_media/licencia-mecenas-gnomo.png,342,2,,,,,,,1
Licencia Gnomo #343,Licencia Gnomo #343,https://docs.valentigamez.com/2357/_media/licencia-mecenas-gnomo.png,343,2,,,,,,,1
Licencia Gnomo #344,Licencia Gnomo #344,https://docs.valentigamez.com/2357/_media/licencia-mecenas-gnomo.png,344,2,,,,,,,1
Licencia Gnomo #345,Licencia Gnomo #345,https://docs.valentigamez.com/2357/_media/licencia-mecenas-gnomo.png,345,2,,,,,,,1
Licencia Gnomo #346,Licencia Gnomo #346,https://docs.valentigamez.com/2357/_media/licencia-mecenas-gnomo.png,346,2,,,,,,,1
Licencia Gnomo #347,Licencia Gnomo #347,https://docs.valentigamez.com/2357/_media/licencia-mecenas-gnomo.png,347,2,,,,,,,1
Licencia Gnomo #348,Licencia Gnomo #348,https://docs.valentigamez.com/2357/_media/licencia-mecenas-gnomo.png,348,2,,,,,,,1
Licencia Gnomo #349,Licencia Gnomo #349,https://docs.valentigamez.com/2357/_media/licencia-mecenas-gnomo.png,349,2,,,,,,,1
Licencia Gnomo #350,Licencia Gnomo #350,https://docs.valentigamez.com/2357/_media/licencia-mecenas-gnomo.png,350,2,,,,,,,1
Licencia Gnomo #351,Licencia Gnomo #351,https://docs.valentigamez.com/2357/_media/licencia-mecenas-gnomo.png,351,2,,,,,,,1
Licencia Gnomo #352,Licencia Gnomo #352,https://docs.valentigamez.com/2357/_media/licencia-mecenas-gnomo.png,352,2,,,,,,,1
Licencia Gnomo #353,Licencia Gnomo #353,https://docs.valentigamez.com/2357/_media/licencia-mecenas-gnomo.png,353,2,,,,,,,1
Licencia Gnomo #354,Licencia Gnomo #354,https://docs.valentigamez.com/2357/_media/licencia-mecenas-gnomo.png,354,2,,,,,,,1
Licencia Gnomo #355,Licencia Gnomo #355,https://docs.valentigamez.com/2357/_media/licencia-mecenas-gnomo.png,355,2,,,,,,,1
Licencia Gnomo #356,Licencia Gnomo #356,https://docs.valentigamez.com/2357/_media/licencia-mecenas-gnomo.png,356,2,,,,,,,1
Licencia Gnomo #357,Licencia Gnomo #357,https://docs.valentigamez.com/2357/_media/licencia-mecenas-gnomo.png,357,2,,,,,,,1
Licencia Gnomo #358,Licencia Gnomo #358,https://docs.valentigamez.com/2357/_media/licencia-mecenas-gnomo.png,358,2,,,,,,,1
Licencia Gnomo #359,Licencia Gnomo #359,https://docs.valentigamez.com/2357/_media/licencia-mecenas-gnomo.png,359,2,,,,,,,1
Licencia Gnomo #360,Licencia Gnomo #360,https://docs.valentigamez.com/2357/_media/licencia-mecenas-gnomo.png,360,2,,,,,,,1
Licencia Gnomo #361,Licencia Gnomo #361,https://docs.valentigamez.com/2357/_media/licencia-mecenas-gnomo.png,361,2,,,,,,,1
Licencia Gnomo #362,Licencia Gnomo #362,https://docs.valentigamez.com/2357/_media/licencia-mecenas-gnomo.png,362,2,,,,,,,1
Licencia Gnomo #363,Licencia Gnomo #363,https://docs.valentigamez.com/2357/_media/licencia-mecenas-gnomo.png,363,2,,,,,,,1
Licencia Gnomo #364,Licencia Gnomo #364,https://docs.valentigamez.com/2357/_media/licencia-mecenas-gnomo.png,364,2,,,,,,,1
Licencia Gnomo #365,Licencia Gnomo #365,https://docs.valentigamez.com/2357/_media/licencia-mecenas-gnomo.png,365,2,,,,,,,1
Licencia Gnomo #366,Licencia Gnomo #366,https://docs.valentigamez.com/2357/_media/licencia-mecenas-gnomo.png,366,2,,,,,,,1
Licencia Gnomo #367,Licencia Gnomo #367,https://docs.valentigamez.com/2357/_media/licencia-mecenas-gnomo.png,367,2,,,,,,,1
Licencia Gnomo #368,Licencia Gnomo #368,https://docs.valentigamez.com/2357/_media/licencia-mecenas-gnomo.png,368,2,,,,,,,1
Licencia Gnomo #369,Licencia Gnomo #369,https://docs.valentigamez.com/2357/_media/licencia-mecenas-gnomo.png,369,2,,,,,,,1
Licencia Gnomo #370,Licencia Gnomo #370,https://docs.valentigamez.com/2357/_media/licencia-mecenas-gnomo.png,370,2,,,,,,,1
Licencia Gnomo #371,Licencia Gnomo #371,https://docs.valentigamez.com/2357/_media/licencia-mecenas-gnomo.png,371,2,,,,,,,1
Licencia Gnomo #372,Licencia Gnomo #372,https://docs.valentigamez.com/2357/_media/licencia-mecenas-gnomo.png,372,2,,,,,,,1
Licencia Gnomo #373,Licencia Gnomo #373,https://docs.valentigamez.com/2357/_media/licencia-mecenas-gnomo.png,373,2,,,,,,,1
Licencia Gnomo #374,Licencia Gnomo #374,https://docs.valentigamez.com/2357/_media/licencia-mecenas-gnomo.png,374,2,,,,,,,1
Licencia Gnomo #375,Licencia Gnomo #375,https://docs.valentigamez.com/2357/_media/licencia-mecenas-gnomo.png,375,2,,,,,,,1
Licencia Gnomo #376,Licencia Gnomo #376,https://docs.valentigamez.com/2357/_media/licencia-mecenas-gnomo.png,376,2,,,,,,,1
Licencia Gnomo #377,Licencia Gnomo #377,https://docs.valentigamez.com/2357/_media/licencia-mecenas-gnomo.png,377,2,,,,,,,1
Licencia Gnomo #378,Licencia Gnomo #378,https://docs.valentigamez.com/2357/_media/licencia-mecenas-gnomo.png,378,2,,,,,,,1
Licencia Gnomo #379,Licencia Gnomo #379,https://docs.valentigamez.com/2357/_media/licencia-mecenas-gnomo.png,379,2,,,,,,,1
Licencia Gnomo #380,Licencia Gnomo #380,https://docs.valentigamez.com/2357/_media/licencia-mecenas-gnomo.png,380,2,,,,,,,1
Licencia Gnomo #381,Licencia Gnomo #381,https://docs.valentigamez.com/2357/_media/licencia-mecenas-gnomo.png,381,2,,,,,,,1
Licencia Gnomo #382,Licencia Gnomo #382,https://docs.valentigamez.com/2357/_media/licencia-mecenas-gnomo.png,382,2,,,,,,,1
Licencia Gnomo #383,Licencia Gnomo #383,https://docs.valentigamez.com/2357/_media/licencia-mecenas-gnomo.png,383,2,,,,,,,1
Licencia Gnomo #384,Licencia Gnomo #384,https://docs.valentigamez.com/2357/_media/licencia-mecenas-gnomo.png,384,2,,,,,,,1
Licencia Gnomo #385,Licencia Gnomo #385,https://docs.valentigamez.com/2357/_media/licencia-mecenas-gnomo.png,385,2,,,,,,,1
Licencia Gnomo #386,Licencia Gnomo #386,https://docs.valentigamez.com/2357/_media/licencia-mecenas-gnomo.png,386,2,,,,,,,1
Licencia Gnomo #387,Licencia Gnomo #387,https://docs.valentigamez.com/2357/_media/licencia-mecenas-gnomo.png,387,2,,,,,,,1
Licencia Gnomo #388,Licencia Gnomo #388,https://docs.valentigamez.com/2357/_media/licencia-mecenas-gnomo.png,388,2,,,,,,,1
Licencia Gnomo #389,Licencia Gnomo #389,https://docs.valentigamez.com/2357/_media/licencia-mecenas-gnomo.png,389,2,,,,,,,1
Licencia Gnomo #390,Licencia Gnomo #390,https://docs.valentigamez.com/2357/_media/licencia-mecenas-gnomo.png,390,2,,,,,,,1
Licencia Gnomo #391,Licencia Gnomo #391,https://docs.valentigamez.com/2357/_media/licencia-mecenas-gnomo.png,391,2,,,,,,,1
Licencia Gnomo #392,Licencia Gnomo #392,https://docs.valentigamez.com/2357/_media/licencia-mecenas-gnomo.png,392,2,,,,,,,1
Licencia Gnomo #393,Licencia Gnomo #393,https://docs.valentigamez.com/2357/_media/licencia-mecenas-gnomo.png,393,2,,,,,,,1
Licencia Gnomo #394,Licencia Gnomo #394,https://docs.valentigamez.com/2357/_media/licencia-mecenas-gnomo.png,394,2,,,,,,,1
Licencia Gnomo #395,Licencia Gnomo #395,https://docs.valentigamez.com/2357/_media/licencia-mecenas-gnomo.png,395,2,,,,,,,1
Licencia Gnomo #396,Licencia Gnomo #396,https://docs.valentigamez.com/2357/_media/licencia-mecenas-gnomo.png,396,2,,,,,,,1
Licencia Gnomo #397,Licencia Gnomo #397,https://docs.valentigamez.com/2357/_media/licencia-mecenas-gnomo.png,397,2,,,,,,,1
Licencia Gnomo #398,Licencia Gnomo #398,https://docs.valentigamez.com/2357/_media/licencia-mecenas-gnomo.png,398,2,,,,,,,1
Licencia Gnomo #399,Licencia Gnomo #399,https://docs.valentigamez.com/2357/_media/licencia-mecenas-gnomo.png,399,2,,,,,,,1
Licencia Gnomo #400,Licencia Gnomo #400,https://docs.valentigamez.com/2357/_media/licencia-mecenas-gnomo.png,400,2,,,,,,,1
Licencia Gnomo #401,Licencia Gnomo #401,https://docs.valentigamez.com/2357/_media/licencia-mecenas-gnomo.png,401,2,,,,,,,1
Licencia Gnomo #402,Licencia Gnomo #402,https://docs.valentigamez.com/2357/_media/licencia-mecenas-gnomo.png,402,2,,,,,,,1
Licencia Gnomo #403,Licencia Gnomo #403,https://docs.valentigamez.com/2357/_media/licencia-mecenas-gnomo.png,403,2,,,,,,,1
Licencia Gnomo #404,Licencia Gnomo #404,https://docs.valentigamez.com/2357/_media/licencia-mecenas-gnomo.png,404,2,,,,,,,1
Licencia Gnomo #405,Licencia Gnomo #405,https://docs.valentigamez.com/2357/_media/licencia-mecenas-gnomo.png,405,2,,,,,,,1
Licencia Gnomo #406,Licencia Gnomo #406,https://docs.valentigamez.com/2357/_media/licencia-mecenas-gnomo.png,406,2,,,,,,,1
Licencia Gnomo #407,Licencia Gnomo #407,https://docs.valentigamez.com/2357/_media/licencia-mecenas-gnomo.png,407,2,,,,,,,1
Licencia Gnomo #408,Licencia Gnomo #408,https://docs.valentigamez.com/2357/_media/licencia-mecenas-gnomo.png,408,2,,,,,,,1
Licencia Gnomo #409,Licencia Gnomo #409,https://docs.valentigamez.com/2357/_media/licencia-mecenas-gnomo.png,409,2,,,,,,,1
Licencia Gnomo #410,Licencia Gnomo #410,https://docs.valentigamez.com/2357/_media/licencia-mecenas-gnomo.png,410,2,,,,,,,1
Licencia Gnomo #411,Licencia Gnomo #411,https://docs.valentigamez.com/2357/_media/licencia-mecenas-gnomo.png,411,2,,,,,,,1
Licencia Gnomo #412,Licencia Gnomo #412,https://docs.valentigamez.com/2357/_media/licencia-mecenas-gnomo.png,412,2,,,,,,,1
Licencia Gnomo #413,Licencia Gnomo #413,https://docs.valentigamez.com/2357/_media/licencia-mecenas-gnomo.png,413,2,,,,,,,1
Licencia Gnomo #414,Licencia Gnomo #414,https://docs.valentigamez.com/2357/_media/licencia-mecenas-gnomo.png,414,2,,,,,,,1
Licencia Gnomo #415,Licencia Gnomo #415,https://docs.valentigamez.com/2357/_media/licencia-mecenas-gnomo.png,415,2,,,,,,,1
Licencia Gnomo #416,Licencia Gnomo #416,https://docs.valentigamez.com/2357/_media/licencia-mecenas-gnomo.png,416,2,,,,,,,1
Licencia Gnomo #417,Licencia Gnomo #417,https://docs.valentigamez.com/2357/_media/licencia-mecenas-gnomo.png,417,2,,,,,,,1
Licencia Gnomo #418,Licencia Gnomo #418,https://docs.valentigamez.com/2357/_media/licencia-mecenas-gnomo.png,418,2,,,,,,,1
Licencia Gnomo #419,Licencia Gnomo #419,https://docs.valentigamez.com/2357/_media/licencia-mecenas-gnomo.png,419,2,,,,,,,1
Licencia Gnomo #420,Licencia Gnomo #420,https://docs.valentigamez.com/2357/_media/licencia-mecenas-gnomo.png,420,2,,,,,,,1
Licencia Gnomo #421,Licencia Gnomo #421,https://docs.valentigamez.com/2357/_media/licencia-mecenas-gnomo.png,421,2,,,,,,,1
Licencia Gnomo #422,Licencia Gnomo #422,https://docs.valentigamez.com/2357/_media/licencia-mecenas-gnomo.png,422,2,,,,,,,1
Licencia Gnomo #423,Licencia Gnomo #423,https://docs.valentigamez.com/2357/_media/licencia-mecenas-gnomo.png,423,2,,,,,,,1
Licencia Gnomo #424,Licencia Gnomo #424,https://docs.valentigamez.com/2357/_media/licencia-mecenas-gnomo.png,424,2,,,,,,,1
Licencia Gnomo #425,Licencia Gnomo #425,https://docs.valentigamez.com/2357/_media/licencia-mecenas-gnomo.png,425,2,,,,,,,1
Licencia Gnomo #426,Licencia Gnomo #426,https://docs.valentigamez.com/2357/_media/licencia-mecenas-gnomo.png,426,2,,,,,,,1
Licencia Gnomo #427,Licencia Gnomo #427,https://docs.valentigamez.com/2357/_media/licencia-mecenas-gnomo.png,427,2,,,,,,,1
Licencia Gnomo #428,Licencia Gnomo #428,https://docs.valentigamez.com/2357/_media/licencia-mecenas-gnomo.png,428,2,,,,,,,1
Licencia Gnomo #429,Licencia Gnomo #429,https://docs.valentigamez.com/2357/_media/licencia-mecenas-gnomo.png,429,2,,,,,,,1
Licencia Gnomo #430,Licencia Gnomo #430,https://docs.valentigamez.com/2357/_media/licencia-mecenas-gnomo.png,430,2,,,,,,,1
Licencia Gnomo #431,Licencia Gnomo #431,https://docs.valentigamez.com/2357/_media/licencia-mecenas-gnomo.png,431,2,,,,,,,1
Licencia Gnomo #432,Licencia Gnomo #432,https://docs.valentigamez.com/2357/_media/licencia-mecenas-gnomo.png,432,2,,,,,,,1
Licencia Gnomo #433,Licencia Gnomo #433,https://docs.valentigamez.com/2357/_media/licencia-mecenas-gnomo.png,433,2,,,,,,,1
Licencia Gnomo #434,Licencia Gnomo #434,https://docs.valentigamez.com/2357/_media/licencia-mecenas-gnomo.png,434,2,,,,,,,1
Licencia Gnomo #435,Licencia Gnomo #435,https://docs.valentigamez.com/2357/_media/licencia-mecenas-gnomo.png,435,2,,,,,,,1
Licencia Gnomo #436,Licencia Gnomo #436,https://docs.valentigamez.com/2357/_media/licencia-mecenas-gnomo.png,436,2,,,,,,,1
Licencia Gnomo #437,Licencia Gnomo #437,https://docs.valentigamez.com/2357/_media/licencia-mecenas-gnomo.png,437,2,,,,,,,1
Licencia Gnomo #438,Licencia Gnomo #438,https://docs.valentigamez.com/2357/_media/licencia-mecenas-gnomo.png,438,2,,,,,,,1
Licencia Gnomo #439,Licencia Gnomo #439,https://docs.valentigamez.com/2357/_media/licencia-mecenas-gnomo.png,439,2,,,,,,,1
Licencia Gnomo #440,Licencia Gnomo #440,https://docs.valentigamez.com/2357/_media/licencia-mecenas-gnomo.png,440,2,,,,,,,1
Licencia Gnomo #441,Licencia Gnomo #441,https://docs.valentigamez.com/2357/_media/licencia-mecenas-gnomo.png,441,2,,,,,,,1
Licencia Gnomo #442,Licencia Gnomo #442,https://docs.valentigamez.com/2357/_media/licencia-mecenas-gnomo.png,442,2,,,,,,,1
Licencia Gnomo #443,Licencia Gnomo #443,https://docs.valentigamez.com/2357/_media/licencia-mecenas-gnomo.png,443,2,,,,,,,1
Licencia Gnomo #444,Licencia Gnomo #444,https://docs.valentigamez.com/2357/_media/licencia-mecenas-gnomo.png,444,2,,,,,,,1
Licencia Gnomo #445,Licencia Gnomo #445,https://docs.valentigamez.com/2357/_media/licencia-mecenas-gnomo.png,445,2,,,,,,,1
Licencia Gnomo #446,Licencia Gnomo #446,https://docs.valentigamez.com/2357/_media/licencia-mecenas-gnomo.png,446,2,,,,,,,1
Licencia Gnomo #447,Licencia Gnomo #447,https://docs.valentigamez.com/2357/_media/licencia-mecenas-gnomo.png,447,2,,,,,,,1
Licencia Gnomo #448,Licencia Gnomo #448,https://docs.valentigamez.com/2357/_media/licencia-mecenas-gnomo.png,448,2,,,,,,,1
Licencia Gnomo #449,Licencia Gnomo #449,https://docs.valentigamez.com/2357/_media/licencia-mecenas-gnomo.png,449,2,,,,,,,1
Licencia Gnomo #450,Licencia Gnomo #450,https://docs.valentigamez.com/2357/_media/licencia-mecenas-gnomo.png,450,2,,,,,,,1
Licencia Gnomo #451,Licencia Gnomo #451,https://docs.valentigamez.com/2357/_media/licencia-mecenas-gnomo.png,451,2,,,,,,,1
Licencia Gnomo #452,Licencia Gnomo #452,https://docs.valentigamez.com/2357/_media/licencia-mecenas-gnomo.png,452,2,,,,,,,1
Licencia Gnomo #453,Licencia Gnomo #453,https://docs.valentigamez.com/2357/_media/licencia-mecenas-gnomo.png,453,2,,,,,,,1
Licencia Gnomo #454,Licencia Gnomo #454,https://docs.valentigamez.com/2357/_media/licencia-mecenas-gnomo.png,454,2,,,,,,,1
Licencia Gnomo #455,Licencia Gnomo #455,https://docs.valentigamez.com/2357/_media/licencia-mecenas-gnomo.png,455,2,,,,,,,1
Licencia Gnomo #456,Licencia Gnomo #456,https://docs.valentigamez.com/2357/_media/licencia-mecenas-gnomo.png,456,2,,,,,,,1
Licencia Gnomo #457,Licencia Gnomo #457,https://docs.valentigamez.com/2357/_media/licencia-mecenas-gnomo.png,457,2,,,,,,,1
Licencia Gnomo #458,Licencia Gnomo #458,https://docs.valentigamez.com/2357/_media/licencia-mecenas-gnomo.png,458,2,,,,,,,1
Licencia Gnomo #459,Licencia Gnomo #459,https://docs.valentigamez.com/2357/_media/licencia-mecenas-gnomo.png,459,2,,,,,,,1
Licencia Gnomo #460,Licencia Gnomo #460,https://docs.valentigamez.com/2357/_media/licencia-mecenas-gnomo.png,460,2,,,,,,,1
Licencia Gnomo #461,Licencia Gnomo #461,https://docs.valentigamez.com/2357/_media/licencia-mecenas-gnomo.png,461,2,,,,,,,1
Licencia Gnomo #462,Licencia Gnomo #462,https://docs.valentigamez.com/2357/_media/licencia-mecenas-gnomo.png,462,2,,,,,,,1
Licencia Gnomo #463,Licencia Gnomo #463,https://docs.valentigamez.com/2357/_media/licencia-mecenas-gnomo.png,463,2,,,,,,,1
Licencia Gnomo #464,Licencia Gnomo #464,https://docs.valentigamez.com/2357/_media/licencia-mecenas-gnomo.png,464,2,,,,,,,1
Licencia Gnomo #465,Licencia Gnomo #465,https://docs.valentigamez.com/2357/_media/licencia-mecenas-gnomo.png,465,2,,,,,,,1
Licencia Gnomo #466,Licencia Gnomo #466,https://docs.valentigamez.com/2357/_media/licencia-mecenas-gnomo.png,466,2,,,,,,,1
Licencia Gnomo #467,Licencia Gnomo #467,https://docs.valentigamez.com/2357/_media/licencia-mecenas-gnomo.png,467,2,,,,,,,1
Licencia Gnomo #468,Licencia Gnomo #468,https://docs.valentigamez.com/2357/_media/licencia-mecenas-gnomo.png,468,2,,,,,,,1
Licencia Gnomo #469,Licencia Gnomo #469,https://docs.valentigamez.com/2357/_media/licencia-mecenas-gnomo.png,469,2,,,,,,,1
Licencia Gnomo #470,Licencia Gnomo #470,https://docs.valentigamez.com/2357/_media/licencia-mecenas-gnomo.png,470,2,,,,,,,1
Licencia Gnomo #471,Licencia Gnomo #471,https://docs.valentigamez.com/2357/_media/licencia-mecenas-gnomo.png,471,2,,,,,,,1
Licencia Gnomo #472,Licencia Gnomo #472,https://docs.valentigamez.com/2357/_media/licencia-mecenas-gnomo.png,472,2,,,,,,,1
Licencia Gnomo #473,Licencia Gnomo #473,https://docs.valentigamez.com/2357/_media/licencia-mecenas-gnomo.png,473,2,,,,,,,1
Licencia Gnomo #474,Licencia Gnomo #474,https://docs.valentigamez.com/2357/_media/licencia-mecenas-gnomo.png,474,2,,,,,,,1
Licencia Gnomo #475,Licencia Gnomo #475,https://docs.valentigamez.com/2357/_media/licencia-mecenas-gnomo.png,475,2,,,,,,,1
Licencia Gnomo #476,Licencia Gnomo #476,https://docs.valentigamez.com/2357/_media/licencia-mecenas-gnomo.png,476,2,,,,,,,1
Licencia Gnomo #477,Licencia Gnomo #477,https://docs.valentigamez.com/2357/_media/licencia-mecenas-gnomo.png,477,2,,,,,,,1
Licencia Gnomo #478,Licencia Gnomo #478,https://docs.valentigamez.com/2357/_media/licencia-mecenas-gnomo.png,478,2,,,,,,,1
Licencia Gnomo #479,Licencia Gnomo #479,https://docs.valentigamez.com/2357/_media/licencia-mecenas-gnomo.png,479,2,,,,,,,1
Licencia Gnomo #480,Licencia Gnomo #480,https://docs.valentigamez.com/2357/_media/licencia-mecenas-gnomo.png,480,2,,,,,,,1
Licencia Gnomo #481,Licencia Gnomo #481,https://docs.valentigamez.com/2357/_media/licencia-mecenas-gnomo.png,481,2,,,,,,,1
Licencia Gnomo #482,Licencia Gnomo #482,https://docs.valentigamez.com/2357/_media/licencia-mecenas-gnomo.png,482,2,,,,,,,1
Licencia Gnomo #483,Licencia Gnomo #483,https://docs.valentigamez.com/2357/_media/licencia-mecenas-gnomo.png,483,2,,,,,,,1
Licencia Gnomo #484,Licencia Gnomo #484,https://docs.valentigamez.com/2357/_media/licencia-mecenas-gnomo.png,484,2,,,,,,,1
Licencia Gnomo #485,Licencia Gnomo #485,https://docs.valentigamez.com/2357/_media/licencia-mecenas-gnomo.png,485,2,,,,,,,1
Licencia Gnomo #486,Licencia Gnomo #486,https://docs.valentigamez.com/2357/_media/licencia-mecenas-gnomo.png,486,2,,,,,,,1
Licencia Gnomo #487,Licencia Gnomo #487,https://docs.valentigamez.com/2357/_media/licencia-mecenas-gnomo.png,487,2,,,,,,,1
Licencia Gnomo #488,Licencia Gnomo #488,https://docs.valentigamez.com/2357/_media/licencia-mecenas-gnomo.png,488,2,,,,,,,1
Licencia Gnomo #489,Licencia Gnomo #489,https://docs.valentigamez.com/2357/_media/licencia-mecenas-gnomo.png,489,2,,,,,,,1
Licencia Gnomo #490,Licencia Gnomo #490,https://docs.valentigamez.com/2357/_media/licencia-mecenas-gnomo.png,490,2,,,,,,,1
Licencia Gnomo #491,Licencia Gnomo #491,https://docs.valentigamez.com/2357/_media/licencia-mecenas-gnomo.png,491,2,,,,,,,1
Licencia Gnomo #492,Licencia Gnomo #492,https://docs.valentigamez.com/2357/_media/licencia-mecenas-gnomo.png,492,2,,,,,,,1
Licencia Gnomo #493,Licencia Gnomo #493,https://docs.valentigamez.com/2357/_media/licencia-mecenas-gnomo.png,493,2,,,,,,,1
Licencia Gnomo #494,Licencia Gnomo #494,https://docs.valentigamez.com/2357/_media/licencia-mecenas-gnomo.png,494,2,,,,,,,1
Licencia Gnomo #495,Licencia Gnomo #495,https://docs.valentigamez.com/2357/_media/licencia-mecenas-gnomo.png,495,2,,,,,,,1
Licencia Gnomo #496,Licencia Gnomo #496,https://docs.valentigamez.com/2357/_media/licencia-mecenas-gnomo.png,496,2,,,,,,,1
Licencia Gnomo #497,Licencia Gnomo #497,https://docs.valentigamez.com/2357/_media/licencia-mecenas-gnomo.png,497,2,,,,,,,1
Licencia Gnomo #498,Licencia Gnomo #498,https://docs.valentigamez.com/2357/_media/licencia-mecenas-gnomo.png,498,2,,,,,,,1
Licencia Gnomo #499,Licencia Gnomo #499,https://docs.valentigamez.com/2357/_media/licencia-mecenas-gnomo.png,499,2,,,,,,,1
Licencia Gnomo #500,Licencia Gnomo #500,https://docs.valentigamez.com/2357/_media/licencia-mecenas-gnomo.png,500,2,,,,,,,1
Licencia Gnomo #501,Licencia Gnomo #501,https://docs.valentigamez.com/2357/_media/licencia-mecenas-gnomo.png,501,2,,,,,,,1
Licencia Gnomo #502,Licencia Gnomo #502,https://docs.valentigamez.com/2357/_media/licencia-mecenas-gnomo.png,502,2,,,,,,,1
Licencia Gnomo #503,Licencia Gnomo #503,https://docs.valentigamez.com/2357/_media/licencia-mecenas-gnomo.png,503,2,,,,,,,1
Licencia Gnomo #504,Licencia Gnomo #504,https://docs.valentigamez.com/2357/_media/licencia-mecenas-gnomo.png,504,2,,,,,,,1
Licencia Gnomo #505,Licencia Gnomo #505,https://docs.valentigamez.com/2357/_media/licencia-mecenas-gnomo.png,505,2,,,,,,,1
Licencia Gnomo #506,Licencia Gnomo #506,https://docs.valentigamez.com/2357/_media/licencia-mecenas-gnomo.png,506,2,,,,,,,1
Licencia Gnomo #507,Licencia Gnomo #507,https://docs.valentigamez.com/2357/_media/licencia-mecenas-gnomo.png,507,2,,,,,,,1
Licencia Gnomo #508,Licencia Gnomo #508,https://docs.valentigamez.com/2357/_media/licencia-mecenas-gnomo.png,508,2,,,,,,,1
Licencia Gnomo #509,Licencia Gnomo #509,https://docs.valentigamez.com/2357/_media/licencia-mecenas-gnomo.png,509,2,,,,,,,1
Licencia Gnomo #510,Licencia Gnomo #510,https://docs.valentigamez.com/2357/_media/licencia-mecenas-gnomo.png,510,2,,,,,,,1
Licencia Gnomo #511,Licencia Gnomo #511,https://docs.valentigamez.com/2357/_media/licencia-mecenas-gnomo.png,511,2,,,,,,,1
Licencia Gnomo #512,Licencia Gnomo #512,https://docs.valentigamez.com/2357/_media/licencia-mecenas-gnomo.png,512,2,,,,,,,1
Licencia Gnomo #513,Licencia Gnomo #513,https://docs.valentigamez.com/2357/_media/licencia-mecenas-gnomo.png,513,2,,,,,,,1
Licencia Gnomo #514,Licencia Gnomo #514,https://docs.valentigamez.com/2357/_media/licencia-mecenas-gnomo.png,514,2,,,,,,,1
Licencia Gnomo #515,Licencia Gnomo #515,https://docs.valentigamez.com/2357/_media/licencia-mecenas-gnomo.png,515,2,,,,,,,1
Licencia Gnomo #516,Licencia Gnomo #516,https://docs.valentigamez.com/2357/_media/licencia-mecenas-gnomo.png,516,2,,,,,,,1
Licencia Gnomo #517,Licencia Gnomo #517,https://docs.valentigamez.com/2357/_media/licencia-mecenas-gnomo.png,517,2,,,,,,,1
Licencia Gnomo #518,Licencia Gnomo #518,https://docs.valentigamez.com/2357/_media/licencia-mecenas-gnomo.png,518,2,,,,,,,1
Licencia Gnomo #519,Licencia Gnomo #519,https://docs.valentigamez.com/2357/_media/licencia-mecenas-gnomo.png,519,2,,,,,,,1
Licencia Gnomo #520,Licencia Gnomo #520,https://docs.valentigamez.com/2357/_media/licencia-mecenas-gnomo.png,520,2,,,,,,,1
Licencia Gnomo #521,Licencia Gnomo #521,https://docs.valentigamez.com/2357/_media/licencia-mecenas-gnomo.png,521,2,,,,,,,1
Licencia Gnomo #522,Licencia Gnomo #522,https://docs.valentigamez.com/2357/_media/licencia-mecenas-gnomo.png,522,2,,,,,,,1
Licencia Gnomo #523,Licencia Gnomo #523,https://docs.valentigamez.com/2357/_media/licencia-mecenas-gnomo.png,523,2,,,,,,,1
Licencia Gnomo #524,Licencia Gnomo #524,https://docs.valentigamez.com/2357/_media/licencia-mecenas-gnomo.png,524,2,,,,,,,1
Licencia Gnomo #525,Licencia Gnomo #525,https://docs.valentigamez.com/2357/_media/licencia-mecenas-gnomo.png,525,2,,,,,,,1
Licencia Gnomo #526,Licencia Gnomo #526,https://docs.valentigamez.com/2357/_media/licencia-mecenas-gnomo.png,526,2,,,,,,,1
Licencia Gnomo #527,Licencia Gnomo #527,https://docs.valentigamez.com/2357/_media/licencia-mecenas-gnomo.png,527,2,,,,,,,1
Licencia Gnomo #528,Licencia Gnomo #528,https://docs.valentigamez.com/2357/_media/licencia-mecenas-gnomo.png,528,2,,,,,,,1
Licencia Gnomo #529,Licencia Gnomo #529,https://docs.valentigamez.com/2357/_media/licencia-mecenas-gnomo.png,529,2,,,,,,,1
Licencia Gnomo #530,Licencia Gnomo #530,https://docs.valentigamez.com/2357/_media/licencia-mecenas-gnomo.png,530,2,,,,,,,1
Licencia Gnomo #531,Licencia Gnomo #531,https://docs.valentigamez.com/2357/_media/licencia-mecenas-gnomo.png,531,2,,,,,,,1
Licencia Gnomo #532,Licencia Gnomo #532,https://docs.valentigamez.com/2357/_media/licencia-mecenas-gnomo.png,532,2,,,,,,,1
Licencia Gnomo #533,Licencia Gnomo #533,https://docs.valentigamez.com/2357/_media/licencia-mecenas-gnomo.png,533,2,,,,,,,1
Licencia Gnomo #534,Licencia Gnomo #534,https://docs.valentigamez.com/2357/_media/licencia-mecenas-gnomo.png,534,2,,,,,,,1
Licencia Gnomo #535,Licencia Gnomo #535,https://docs.valentigamez.com/2357/_media/licencia-mecenas-gnomo.png,535,2,,,,,,,1
Licencia Gnomo #536,Licencia Gnomo #536,https://docs.valentigamez.com/2357/_media/licencia-mecenas-gnomo.png,536,2,,,,,,,1
Licencia Gnomo #537,Licencia Gnomo #537,https://docs.valentigamez.com/2357/_media/licencia-mecenas-gnomo.png,537,2,,,,,,,1
Licencia Gnomo #538,Licencia Gnomo #538,https://docs.valentigamez.com/2357/_media/licencia-mecenas-gnomo.png,538,2,,,,,,,1
Licencia Gnomo #539,Licencia Gnomo #539,https://docs.valentigamez.com/2357/_media/licencia-mecenas-gnomo.png,539,2,,,,,,,1
Licencia Gnomo #540,Licencia Gnomo #540,https://docs.valentigamez.com/2357/_media/licencia-mecenas-gnomo.png,540,2,,,,,,,1
Licencia Gnomo #541,Licencia Gnomo #541,https://docs.valentigamez.com/2357/_media/licencia-mecenas-gnomo.png,541,2,,,,,,,1
Licencia Gnomo #542,Licencia Gnomo #542,https://docs.valentigamez.com/2357/_media/licencia-mecenas-gnomo.png,542,2,,,,,,,1
Licencia Gnomo #543,Licencia Gnomo #543,https://docs.valentigamez.com/2357/_media/licencia-mecenas-gnomo.png,543,2,,,,,,,1
Licencia Gnomo #544,Licencia Gnomo #544,https://docs.valentigamez.com/2357/_media/licencia-mecenas-gnomo.png,544,2,,,,,,,1
Licencia Gnomo #545,Licencia Gnomo #545,https://docs.valentigamez.com/2357/_media/licencia-mecenas-gnomo.png,545,2,,,,,,,1
Licencia Gnomo #546,Licencia Gnomo #546,https://docs.valentigamez.com/2357/_media/licencia-mecenas-gnomo.png,546,2,,,,,,,1
Licencia Gnomo #547,Licencia Gnomo #547,https://docs.valentigamez.com/2357/_media/licencia-mecenas-gnomo.png,547,2,,,,,,,1
Licencia Gnomo #548,Licencia Gnomo #548,https://docs.valentigamez.com/2357/_media/licencia-mecenas-gnomo.png,548,2,,,,,,,1
Licencia Gnomo #549,Licencia Gnomo #549,https://docs.valentigamez.com/2357/_media/licencia-mecenas-gnomo.png,549,2,,,,,,,1
Licencia Gnomo #550,Licencia Gnomo #550,https://docs.valentigamez.com/2357/_media/licencia-mecenas-gnomo.png,550,2,,,,,,,1
Licencia Gnomo #551,Licencia Gnomo #551,https://docs.valentigamez.com/2357/_media/licencia-mecenas-gnomo.png,551,2,,,,,,,1
Licencia Gnomo #552,Licencia Gnomo #552,https://docs.valentigamez.com/2357/_media/licencia-mecenas-gnomo.png,552,2,,,,,,,1
Licencia Gnomo #553,Licencia Gnomo #553,https://docs.valentigamez.com/2357/_media/licencia-mecenas-gnomo.png,553,2,,,,,,,1
Licencia Gnomo #554,Licencia Gnomo #554,https://docs.valentigamez.com/2357/_media/licencia-mecenas-gnomo.png,554,2,,,,,,,1
Licencia Gnomo #555,Licencia Gnomo #555,https://docs.valentigamez.com/2357/_media/licencia-mecenas-gnomo.png,555,2,,,,,,,1
Licencia Gnomo #556,Licencia Gnomo #556,https://docs.valentigamez.com/2357/_media/licencia-mecenas-gnomo.png,556,2,,,,,,,1
Licencia Gnomo #557,Licencia Gnomo #557,https://docs.valentigamez.com/2357/_media/licencia-mecenas-gnomo.png,557,2,,,,,,,1
Licencia Gnomo #558,Licencia Gnomo #558,https://docs.valentigamez.com/2357/_media/licencia-mecenas-gnomo.png,558,2,,,,,,,1
Licencia Gnomo #559,Licencia Gnomo #559,https://docs.valentigamez.com/2357/_media/licencia-mecenas-gnomo.png,559,2,,,,,,,1
Licencia Gnomo #560,Licencia Gnomo #560,https://docs.valentigamez.com/2357/_media/licencia-mecenas-gnomo.png,560,2,,,,,,,1
Licencia Gnomo #561,Licencia Gnomo #561,https://docs.valentigamez.com/2357/_media/licencia-mecenas-gnomo.png,561,2,,,,,,,1
Licencia Gnomo #562,Licencia Gnomo #562,https://docs.valentigamez.com/2357/_media/licencia-mecenas-gnomo.png,562,2,,,,,,,1
Licencia Gnomo #563,Licencia Gnomo #563,https://docs.valentigamez.com/2357/_media/licencia-mecenas-gnomo.png,563,2,,,,,,,1
Licencia Gnomo #564,Licencia Gnomo #564,https://docs.valentigamez.com/2357/_media/licencia-mecenas-gnomo.png,564,2,,,,,,,1
Licencia Gnomo #565,Licencia Gnomo #565,https://docs.valentigamez.com/2357/_media/licencia-mecenas-gnomo.png,565,2,,,,,,,1
Licencia Gnomo #566,Licencia Gnomo #566,https://docs.valentigamez.com/2357/_media/licencia-mecenas-gnomo.png,566,2,,,,,,,1
Licencia Gnomo #567,Licencia Gnomo #567,https://docs.valentigamez.com/2357/_media/licencia-mecenas-gnomo.png,567,2,,,,,,,1
Licencia Gnomo #568,Licencia Gnomo #568,https://docs.valentigamez.com/2357/_media/licencia-mecenas-gnomo.png,568,2,,,,,,,1
Licencia Gnomo #569,Licencia Gnomo #569,https://docs.valentigamez.com/2357/_media/licencia-mecenas-gnomo.png,569,2,,,,,,,1
Licencia Gnomo #570,Licencia Gnomo #570,https://docs.valentigamez.com/2357/_media/licencia-mecenas-gnomo.png,570,2,,,,,,,1
Licencia Gnomo #571,Licencia Gnomo #571,https://docs.valentigamez.com/2357/_media/licencia-mecenas-gnomo.png,571,2,,,,,,,1
Licencia Gnomo #572,Licencia Gnomo #572,https://docs.valentigamez.com/2357/_media/licencia-mecenas-gnomo.png,572,2,,,,,,,1
Licencia Gnomo #573,Licencia Gnomo #573,https://docs.valentigamez.com/2357/_media/licencia-mecenas-gnomo.png,573,2,,,,,,,1
Licencia Gnomo #574,Licencia Gnomo #574,https://docs.valentigamez.com/2357/_media/licencia-mecenas-gnomo.png,574,2,,,,,,,1
Licencia Gnomo #575,Licencia Gnomo #575,https://docs.valentigamez.com/2357/_media/licencia-mecenas-gnomo.png,575,2,,,,,,,1
Licencia Gnomo #576,Licencia Gnomo #576,https://docs.valentigamez.com/2357/_media/licencia-mecenas-gnomo.png,576,2,,,,,,,1
Licencia Gnomo #577,Licencia Gnomo #577,https://docs.valentigamez.com/2357/_media/licencia-mecenas-gnomo.png,577,2,,,,,,,1
Licencia Gnomo #578,Licencia Gnomo #578,https://docs.valentigamez.com/2357/_media/licencia-mecenas-gnomo.png,578,2,,,,,,,1
Licencia Gnomo #579,Licencia Gnomo #579,https://docs.valentigamez.com/2357/_media/licencia-mecenas-gnomo.png,579,2,,,,,,,1
Licencia Gnomo #580,Licencia Gnomo #580,https://docs.valentigamez.com/2357/_media/licencia-mecenas-gnomo.png,580,2,,,,,,,1
Licencia Gnomo #581,Licencia Gnomo #581,https://docs.valentigamez.com/2357/_media/licencia-mecenas-gnomo.png,581,2,,,,,,,1
Licencia Gnomo #582,Licencia Gnomo #582,https://docs.valentigamez.com/2357/_media/licencia-mecenas-gnomo.png,582,2,,,,,,,1
Licencia Gnomo #583,Licencia Gnomo #583,https://docs.valentigamez.com/2357/_media/licencia-mecenas-gnomo.png,583,2,,,,,,,1
Licencia Gnomo #584,Licencia Gnomo #584,https://docs.valentigamez.com/2357/_media/licencia-mecenas-gnomo.png,584,2,,,,,,,1
Licencia Gnomo #585,Licencia Gnomo #585,https://docs.valentigamez.com/2357/_media/licencia-mecenas-gnomo.png,585,2,,,,,,,1
Licencia Gnomo #586,Licencia Gnomo #586,https://docs.valentigamez.com/2357/_media/licencia-mecenas-gnomo.png,586,2,,,,,,,1
Licencia Gnomo #587,Licencia Gnomo #587,https://docs.valentigamez.com/2357/_media/licencia-mecenas-gnomo.png,587,2,,,,,,,1
Licencia Gnomo #588,Licencia Gnomo #588,https://docs.valentigamez.com/2357/_media/licencia-mecenas-gnomo.png,588,2,,,,,,,1
Licencia Gnomo #589,Licencia Gnomo #589,https://docs.valentigamez.com/2357/_media/licencia-mecenas-gnomo.png,589,2,,,,,,,1
Licencia Gnomo #590,Licencia Gnomo #590,https://docs.valentigamez.com/2357/_media/licencia-mecenas-gnomo.png,590,2,,,,,,,1
Licencia Gnomo #591,Licencia Gnomo #591,https://docs.valentigamez.com/2357/_media/licencia-mecenas-gnomo.png,591,2,,,,,,,1
Licencia Gnomo #592,Licencia Gnomo #592,https://docs.valentigamez.com/2357/_media/licencia-mecenas-gnomo.png,592,2,,,,,,,1
Licencia Gnomo #593,Licencia Gnomo #593,https://docs.valentigamez.com/2357/_media/licencia-mecenas-gnomo.png,593,2,,,,,,,1
Licencia Gnomo #594,Licencia Gnomo #594,https://docs.valentigamez.com/2357/_media/licencia-mecenas-gnomo.png,594,2,,,,,,,1
Licencia Gnomo #595,Licencia Gnomo #595,https://docs.valentigamez.com/2357/_media/licencia-mecenas-gnomo.png,595,2,,,,,,,1
Licencia Gnomo #596,Licencia Gnomo #596,https://docs.valentigamez.com/2357/_media/licencia-mecenas-gnomo.png,596,2,,,,,,,1
Licencia Gnomo #597,Licencia Gnomo #597,https://docs.valentigamez.com/2357/_media/licencia-mecenas-gnomo.png,597,2,,,,,,,1
Licencia Gnomo #598,Licencia Gnomo #598,https://docs.valentigamez.com/2357/_media/licencia-mecenas-gnomo.png,598,2,,,,,,,1
Licencia Gnomo #599,Licencia Gnomo #599,https://docs.valentigamez.com/2357/_media/licencia-mecenas-gnomo.png,599,2,,,,,,,1
Licencia Gnomo #600,Licencia Gnomo #600,https://docs.valentigamez.com/2357/_media/licencia-mecenas-gnomo.png,600,2,,,,,,,1
Licencia Gnomo #601,Licencia Gnomo #601,https://docs.valentigamez.com/2357/_media/licencia-mecenas-gnomo.png,601,2,,,,,,,1
Licencia Gnomo #602,Licencia Gnomo #602,https://docs.valentigamez.com/2357/_media/licencia-mecenas-gnomo.png,602,2,,,,,,,1
Licencia Gnomo #603,Licencia Gnomo #603,https://docs.valentigamez.com/2357/_media/licencia-mecenas-gnomo.png,603,2,,,,,,,1
Licencia Gnomo #604,Licencia Gnomo #604,https://docs.valentigamez.com/2357/_media/licencia-mecenas-gnomo.png,604,2,,,,,,,1
Licencia Gnomo #605,Licencia Gnomo #605,https://docs.valentigamez.com/2357/_media/licencia-mecenas-gnomo.png,605,2,,,,,,,1
Licencia Gnomo #606,Licencia Gnomo #606,https://docs.valentigamez.com/2357/_media/licencia-mecenas-gnomo.png,606,2,,,,,,,1
Licencia Gnomo #607,Licencia Gnomo #607,https://docs.valentigamez.com/2357/_media/licencia-mecenas-gnomo.png,607,2,,,,,,,1
Licencia Gnomo #608,Licencia Gnomo #608,https://docs.valentigamez.com/2357/_media/licencia-mecenas-gnomo.png,608,2,,,,,,,1
Licencia Gnomo #609,Licencia Gnomo #609,https://docs.valentigamez.com/2357/_media/licencia-mecenas-gnomo.png,609,2,,,,,,,1
Licencia Gnomo #610,Licencia Gnomo #610,https://docs.valentigamez.com/2357/_media/licencia-mecenas-gnomo.png,610,2,,,,,,,1
Licencia Gnomo #611,Licencia Gnomo #611,https://docs.valentigamez.com/2357/_media/licencia-mecenas-gnomo.png,611,2,,,,,,,1
Licencia Gnomo #612,Licencia Gnomo #612,https://docs.valentigamez.com/2357/_media/licencia-mecenas-gnomo.png,612,2,,,,,,,1
Licencia Gnomo #613,Licencia Gnomo #613,https://docs.valentigamez.com/2357/_media/licencia-mecenas-gnomo.png,613,2,,,,,,,1
Licencia Gnomo #614,Licencia Gnomo #614,https://docs.valentigamez.com/2357/_media/licencia-mecenas-gnomo.png,614,2,,,,,,,1
Licencia Gnomo #615,Licencia Gnomo #615,https://docs.valentigamez.com/2357/_media/licencia-mecenas-gnomo.png,615,2,,,,,,,1
Licencia Gnomo #616,Licencia Gnomo #616,https://docs.valentigamez.com/2357/_media/licencia-mecenas-gnomo.png,616,2,,,,,,,1
Licencia Gnomo #617,Licencia Gnomo #617,https://docs.valentigamez.com/2357/_media/licencia-mecenas-gnomo.png,617,2,,,,,,,1
Licencia Gnomo #618,Licencia Gnomo #618,https://docs.valentigamez.com/2357/_media/licencia-mecenas-gnomo.png,618,2,,,,,,,1
Licencia Gnomo #619,Licencia Gnomo #619,https://docs.valentigamez.com/2357/_media/licencia-mecenas-gnomo.png,619,2,,,,,,,1
Licencia Gnomo #620,Licencia Gnomo #620,https://docs.valentigamez.com/2357/_media/licencia-mecenas-gnomo.png,620,2,,,,,,,1
Licencia Gnomo #621,Licencia Gnomo #621,https://docs.valentigamez.com/2357/_media/licencia-mecenas-gnomo.png,621,2,,,,,,,1
Licencia Gnomo #622,Licencia Gnomo #622,https://docs.valentigamez.com/2357/_media/licencia-mecenas-gnomo.png,622,2,,,,,,,1
Licencia Gnomo #623,Licencia Gnomo #623,https://docs.valentigamez.com/2357/_media/licencia-mecenas-gnomo.png,623,2,,,,,,,1
Licencia Gnomo #624,Licencia Gnomo #624,https://docs.valentigamez.com/2357/_media/licencia-mecenas-gnomo.png,624,2,,,,,,,1
Licencia Gnomo #625,Licencia Gnomo #625,https://docs.valentigamez.com/2357/_media/licencia-mecenas-gnomo.png,625,2,,,,,,,1
Licencia Gnomo #626,Licencia Gnomo #626,https://docs.valentigamez.com/2357/_media/licencia-mecenas-gnomo.png,626,2,,,,,,,1
Licencia Gnomo #627,Licencia Gnomo #627,https://docs.valentigamez.com/2357/_media/licencia-mecenas-gnomo.png,627,2,,,,,,,1
Licencia Gnomo #628,Licencia Gnomo #628,https://docs.valentigamez.com/2357/_media/licencia-mecenas-gnomo.png,628,2,,,,,,,1
Licencia Gnomo #629,Licencia Gnomo #629,https://docs.valentigamez.com/2357/_media/licencia-mecenas-gnomo.png,629,2,,,,,,,1
Licencia Gnomo #630,Licencia Gnomo #630,https://docs.valentigamez.com/2357/_media/licencia-mecenas-gnomo.png,630,2,,,,,,,1
Licencia Gnomo #631,Licencia Gnomo #631,https://docs.valentigamez.com/2357/_media/licencia-mecenas-gnomo.png,631,2,,,,,,,1
Licencia Gnomo #632,Licencia Gnomo #632,https://docs.valentigamez.com/2357/_media/licencia-mecenas-gnomo.png,632,2,,,,,,,1
Licencia Gnomo #633,Licencia Gnomo #633,https://docs.valentigamez.com/2357/_media/licencia-mecenas-gnomo.png,633,2,,,,,,,1
Licencia Gnomo #634,Licencia Gnomo #634,https://docs.valentigamez.com/2357/_media/licencia-mecenas-gnomo.png,634,2,,,,,,,1
Licencia Gnomo #635,Licencia Gnomo #635,https://docs.valentigamez.com/2357/_media/licencia-mecenas-gnomo.png,635,2,,,,,,,1
Licencia Gnomo #636,Licencia Gnomo #636,https://docs.valentigamez.com/2357/_media/licencia-mecenas-gnomo.png,636,2,,,,,,,1
Licencia Gnomo #637,Licencia Gnomo #637,https://docs.valentigamez.com/2357/_media/licencia-mecenas-gnomo.png,637,2,,,,,,,1
Licencia Gnomo #638,Licencia Gnomo #638,https://docs.valentigamez.com/2357/_media/licencia-mecenas-gnomo.png,638,2,,,,,,,1
Licencia Gnomo #639,Licencia Gnomo #639,https://docs.valentigamez.com/2357/_media/licencia-mecenas-gnomo.png,639,2,,,,,,,1
Licencia Gnomo #640,Licencia Gnomo #640,https://docs.valentigamez.com/2357/_media/licencia-mecenas-gnomo.png,640,2,,,,,,,1
Licencia Gnomo #641,Licencia Gnomo #641,https://docs.valentigamez.com/2357/_media/licencia-mecenas-gnomo.png,641,2,,,,,,,1
Licencia Gnomo #642,Licencia Gnomo #642,https://docs.valentigamez.com/2357/_media/licencia-mecenas-gnomo.png,642,2,,,,,,,1
Licencia Gnomo #643,Licencia Gnomo #643,https://docs.valentigamez.com/2357/_media/licencia-mecenas-gnomo.png,643,2,,,,,,,1
Licencia Gnomo #644,Licencia Gnomo #644,https://docs.valentigamez.com/2357/_media/licencia-mecenas-gnomo.png,644,2,,,,,,,1
Licencia Gnomo #645,Licencia Gnomo #645,https://docs.valentigamez.com/2357/_media/licencia-mecenas-gnomo.png,645,2,,,,,,,1
Licencia Gnomo #646,Licencia Gnomo #646,https://docs.valentigamez.com/2357/_media/licencia-mecenas-gnomo.png,646,2,,,,,,,1
Licencia Gnomo #647,Licencia Gnomo #647,https://docs.valentigamez.com/2357/_media/licencia-mecenas-gnomo.png,647,2,,,,,,,1
Licencia Gnomo #648,Licencia Gnomo #648,https://docs.valentigamez.com/2357/_media/licencia-mecenas-gnomo.png,648,2,,,,,,,1
Licencia Gnomo #649,Licencia Gnomo #649,https://docs.valentigamez.com/2357/_media/licencia-mecenas-gnomo.png,649,2,,,,,,,1
Licencia Gnomo #650,Licencia Gnomo #650,https://docs.valentigamez.com/2357/_media/licencia-mecenas-gnomo.png,650,2,,,,,,,1
Licencia Gnomo #651,Licencia Gnomo #651,https://docs.valentigamez.com/2357/_media/licencia-mecenas-gnomo.png,651,2,,,,,,,1
Licencia Gnomo #652,Licencia Gnomo #652,https://docs.valentigamez.com/2357/_media/licencia-mecenas-gnomo.png,652,2,,,,,,,1
Licencia Gnomo #653,Licencia Gnomo #653,https://docs.valentigamez.com/2357/_media/licencia-mecenas-gnomo.png,653,2,,,,,,,1
Licencia Gnomo #654,Licencia Gnomo #654,https://docs.valentigamez.com/2357/_media/licencia-mecenas-gnomo.png,654,2,,,,,,,1
Licencia Gnomo #655,Licencia Gnomo #655,https://docs.valentigamez.com/2357/_media/licencia-mecenas-gnomo.png,655,2,,,,,,,1
Licencia Gnomo #656,Licencia Gnomo #656,https://docs.valentigamez.com/2357/_media/licencia-mecenas-gnomo.png,656,2,,,,,,,1
Licencia Gnomo #657,Licencia Gnomo #657,https://docs.valentigamez.com/2357/_media/licencia-mecenas-gnomo.png,657,2,,,,,,,1
Licencia Gnomo #658,Licencia Gnomo #658,https://docs.valentigamez.com/2357/_media/licencia-mecenas-gnomo.png,658,2,,,,,,,1
Licencia Gnomo #659,Licencia Gnomo #659,https://docs.valentigamez.com/2357/_media/licencia-mecenas-gnomo.png,659,2,,,,,,,1
Licencia Gnomo #660,Licencia Gnomo #660,https://docs.valentigamez.com/2357/_media/licencia-mecenas-gnomo.png,660,2,,,,,,,1
Licencia Gnomo #661,Licencia Gnomo #661,https://docs.valentigamez.com/2357/_media/licencia-mecenas-gnomo.png,661,2,,,,,,,1
Licencia Gnomo #662,Licencia Gnomo #662,https://docs.valentigamez.com/2357/_media/licencia-mecenas-gnomo.png,662,2,,,,,,,1
Licencia Gnomo #663,Licencia Gnomo #663,https://docs.valentigamez.com/2357/_media/licencia-mecenas-gnomo.png,663,2,,,,,,,1
Licencia Gnomo #664,Licencia Gnomo #664,https://docs.valentigamez.com/2357/_media/licencia-mecenas-gnomo.png,664,2,,,,,,,1
Licencia Gnomo #665,Licencia Gnomo #665,https://docs.valentigamez.com/2357/_media/licencia-mecenas-gnomo.png,665,2,,,,,,,1
Licencia Gnomo #666,Licencia Gnomo #666,https://docs.valentigamez.com/2357/_media/licencia-mecenas-gnomo.png,666,2,,,,,,,1
Licencia Gnomo #667,Licencia Gnomo #667,https://docs.valentigamez.com/2357/_media/licencia-mecenas-gnomo.png,667,2,,,,,,,1
Licencia Gnomo #668,Licencia Gnomo #668,https://docs.valentigamez.com/2357/_media/licencia-mecenas-gnomo.png,668,2,,,,,,,1
Licencia Gnomo #669,Licencia Gnomo #669,https://docs.valentigamez.com/2357/_media/licencia-mecenas-gnomo.png,669,2,,,,,,,1
Licencia Gnomo #670,Licencia Gnomo #670,https://docs.valentigamez.com/2357/_media/licencia-mecenas-gnomo.png,670,2,,,,,,,1
Licencia Gnomo #671,Licencia Gnomo #671,https://docs.valentigamez.com/2357/_media/licencia-mecenas-gnomo.png,671,2,,,,,,,1
Licencia Gnomo #672,Licencia Gnomo #672,https://docs.valentigamez.com/2357/_media/licencia-mecenas-gnomo.png,672,2,,,,,,,1
Licencia Gnomo #673,Licencia Gnomo #673,https://docs.valentigamez.com/2357/_media/licencia-mecenas-gnomo.png,673,2,,,,,,,1
Licencia Gnomo #674,Licencia Gnomo #674,https://docs.valentigamez.com/2357/_media/licencia-mecenas-gnomo.png,674,2,,,,,,,1
Licencia Gnomo #675,Licencia Gnomo #675,https://docs.valentigamez.com/2357/_media/licencia-mecenas-gnomo.png,675,2,,,,,,,1
Licencia Gnomo #676,Licencia Gnomo #676,https://docs.valentigamez.com/2357/_media/licencia-mecenas-gnomo.png,676,2,,,,,,,1
Licencia Gnomo #677,Licencia Gnomo #677,https://docs.valentigamez.com/2357/_media/licencia-mecenas-gnomo.png,677,2,,,,,,,1
Licencia Gnomo #678,Licencia Gnomo #678,https://docs.valentigamez.com/2357/_media/licencia-mecenas-gnomo.png,678,2,,,,,,,1
Licencia Gnomo #679,Licencia Gnomo #679,https://docs.valentigamez.com/2357/_media/licencia-mecenas-gnomo.png,679,2,,,,,,,1
Licencia Gnomo #680,Licencia Gnomo #680,https://docs.valentigamez.com/2357/_media/licencia-mecenas-gnomo.png,680,2,,,,,,,1
Licencia Gnomo #681,Licencia Gnomo #681,https://docs.valentigamez.com/2357/_media/licencia-mecenas-gnomo.png,681,2,,,,,,,1
Licencia Gnomo #682,Licencia Gnomo #682,https://docs.valentigamez.com/2357/_media/licencia-mecenas-gnomo.png,682,2,,,,,,,1
Licencia Gnomo #683,Licencia Gnomo #683,https://docs.valentigamez.com/2357/_media/licencia-mecenas-gnomo.png,683,2,,,,,,,1
Licencia Gnomo #684,Licencia Gnomo #684,https://docs.valentigamez.com/2357/_media/licencia-mecenas-gnomo.png,684,2,,,,,,,1
Licencia Gnomo #685,Licencia Gnomo #685,https://docs.valentigamez.com/2357/_media/licencia-mecenas-gnomo.png,685,2,,,,,,,1
Licencia Gnomo #686,Licencia Gnomo #686,https://docs.valentigamez.com/2357/_media/licencia-mecenas-gnomo.png,686,2,,,,,,,1
Licencia Gnomo #687,Licencia Gnomo #687,https://docs.valentigamez.com/2357/_media/licencia-mecenas-gnomo.png,687,2,,,,,,,1
Licencia Gnomo #688,Licencia Gnomo #688,https://docs.valentigamez.com/2357/_media/licencia-mecenas-gnomo.png,688,2,,,,,,,1
Licencia Gnomo #689,Licencia Gnomo #689,https://docs.valentigamez.com/2357/_media/licencia-mecenas-gnomo.png,689,2,,,,,,,1
Licencia Gnomo #690,Licencia Gnomo #690,https://docs.valentigamez.com/2357/_media/licencia-mecenas-gnomo.png,690,2,,,,,,,1
Licencia Gnomo #691,Licencia Gnomo #691,https://docs.valentigamez.com/2357/_media/licencia-mecenas-gnomo.png,691,2,,,,,,,1
Licencia Gnomo #692,Licencia Gnomo #692,https://docs.valentigamez.com/2357/_media/licencia-mecenas-gnomo.png,692,2,,,,,,,1
Licencia Gnomo #693,Licencia Gnomo #693,https://docs.valentigamez.com/2357/_media/licencia-mecenas-gnomo.png,693,2,,,,,,,1
Licencia Gnomo #694,Licencia Gnomo #694,https://docs.valentigamez.com/2357/_media/licencia-mecenas-gnomo.png,694,2,,,,,,,1
Licencia Gnomo #695,Licencia Gnomo #695,https://docs.valentigamez.com/2357/_media/licencia-mecenas-gnomo.png,695,2,,,,,,,1
Licencia Gnomo #696,Licencia Gnomo #696,https://docs.valentigamez.com/2357/_media/licencia-mecenas-gnomo.png,696,2,,,,,,,1
Licencia Gnomo #697,Licencia Gnomo #697,https://docs.valentigamez.com/2357/_media/licencia-mecenas-gnomo.png,697,2,,,,,,,1
Licencia Gnomo #698,Licencia Gnomo #698,https://docs.valentigamez.com/2357/_media/licencia-mecenas-gnomo.png,698,2,,,,,,,1
Licencia Gnomo #699,Licencia Gnomo #699,https://docs.valentigamez.com/2357/_media/licencia-mecenas-gnomo.png,699,2,,,,,,,1
Licencia Gnomo #700,Licencia Gnomo #700,https://docs.valentigamez.com/2357/_media/licencia-mecenas-gnomo.png,700,2,,,,,,,1
Licencia Gnomo #701,Licencia Gnomo #701,https://docs.valentigamez.com/2357/_media/licencia-mecenas-gnomo.png,701,2,,,,,,,1
Licencia Gnomo #702,Licencia Gnomo #702,https://docs.valentigamez.com/2357/_media/licencia-mecenas-gnomo.png,702,2,,,,,,,1
Licencia Gnomo #703,Licencia Gnomo #703,https://docs.valentigamez.com/2357/_media/licencia-mecenas-gnomo.png,703,2,,,,,,,1
Licencia Gnomo #704,Licencia Gnomo #704,https://docs.valentigamez.com/2357/_media/licencia-mecenas-gnomo.png,704,2,,,,,,,1
Licencia Gnomo #705,Licencia Gnomo #705,https://docs.valentigamez.com/2357/_media/licencia-mecenas-gnomo.png,705,2,,,,,,,1
Licencia Gnomo #706,Licencia Gnomo #706,https://docs.valentigamez.com/2357/_media/licencia-mecenas-gnomo.png,706,2,,,,,,,1
Licencia Gnomo #707,Licencia Gnomo #707,https://docs.valentigamez.com/2357/_media/licencia-mecenas-gnomo.png,707,2,,,,,,,1
Licencia Gnomo #708,Licencia Gnomo #708,https://docs.valentigamez.com/2357/_media/licencia-mecenas-gnomo.png,708,2,,,,,,,1
Licencia Gnomo #709,Licencia Gnomo #709,https://docs.valentigamez.com/2357/_media/licencia-mecenas-gnomo.png,709,2,,,,,,,1
Licencia Gnomo #710,Licencia Gnomo #710,https://docs.valentigamez.com/2357/_media/licencia-mecenas-gnomo.png,710,2,,,,,,,1
Licencia Gnomo #711,Licencia Gnomo #711,https://docs.valentigamez.com/2357/_media/licencia-mecenas-gnomo.png,711,2,,,,,,,1
Licencia Gnomo #712,Licencia Gnomo #712,https://docs.valentigamez.com/2357/_media/licencia-mecenas-gnomo.png,712,2,,,,,,,1
Licencia Gnomo #713,Licencia Gnomo #713,https://docs.valentigamez.com/2357/_media/licencia-mecenas-gnomo.png,713,2,,,,,,,1
Licencia Gnomo #714,Licencia Gnomo #714,https://docs.valentigamez.com/2357/_media/licencia-mecenas-gnomo.png,714,2,,,,,,,1
Licencia Gnomo #715,Licencia Gnomo #715,https://docs.valentigamez.com/2357/_media/licencia-mecenas-gnomo.png,715,2,,,,,,,1
Licencia Gnomo #716,Licencia Gnomo #716,https://docs.valentigamez.com/2357/_media/licencia-mecenas-gnomo.png,716,2,,,,,,,1
Licencia Gnomo #717,Licencia Gnomo #717,https://docs.valentigamez.com/2357/_media/licencia-mecenas-gnomo.png,717,2,,,,,,,1
Licencia Gnomo #718,Licencia Gnomo #718,https://docs.valentigamez.com/2357/_media/licencia-mecenas-gnomo.png,718,2,,,,,,,1
Licencia Gnomo #719,Licencia Gnomo #719,https://docs.valentigamez.com/2357/_media/licencia-mecenas-gnomo.png,719,2,,,,,,,1
Licencia Gnomo #720,Licencia Gnomo #720,https://docs.valentigamez.com/2357/_media/licencia-mecenas-gnomo.png,720,2,,,,,,,1
Licencia Gnomo #721,Licencia Gnomo #721,https://docs.valentigamez.com/2357/_media/licencia-mecenas-gnomo.png,721,2,,,,,,,1
Licencia Gnomo #722,Licencia Gnomo #722,https://docs.valentigamez.com/2357/_media/licencia-mecenas-gnomo.png,722,2,,,,,,,1
Licencia Gnomo #723,Licencia Gnomo #723,https://docs.valentigamez.com/2357/_media/licencia-mecenas-gnomo.png,723,2,,,,,,,1
Licencia Gnomo #724,Licencia Gnomo #724,https://docs.valentigamez.com/2357/_media/licencia-mecenas-gnomo.png,724,2,,,,,,,1
Licencia Gnomo #725,Licencia Gnomo #725,https://docs.valentigamez.com/2357/_media/licencia-mecenas-gnomo.png,725,2,,,,,,,1
Licencia Gnomo #726,Licencia Gnomo #726,https://docs.valentigamez.com/2357/_media/licencia-mecenas-gnomo.png,726,2,,,,,,,1
Licencia Gnomo #727,Licencia Gnomo #727,https://docs.valentigamez.com/2357/_media/licencia-mecenas-gnomo.png,727,2,,,,,,,1
Licencia Gnomo #728,Licencia Gnomo #728,https://docs.valentigamez.com/2357/_media/licencia-mecenas-gnomo.png,728,2,,,,,,,1
Licencia Gnomo #729,Licencia Gnomo #729,https://docs.valentigamez.com/2357/_media/licencia-mecenas-gnomo.png,729,2,,,,,,,1
Licencia Gnomo #730,Licencia Gnomo #730,https://docs.valentigamez.com/2357/_media/licencia-mecenas-gnomo.png,730,2,,,,,,,1
Licencia Gnomo #731,Licencia Gnomo #731,https://docs.valentigamez.com/2357/_media/licencia-mecenas-gnomo.png,731,2,,,,,,,1
Licencia Gnomo #732,Licencia Gnomo #732,https://docs.valentigamez.com/2357/_media/licencia-mecenas-gnomo.png,732,2,,,,,,,1
Licencia Gnomo #733,Licencia Gnomo #733,https://docs.valentigamez.com/2357/_media/licencia-mecenas-gnomo.png,733,2,,,,,,,1
Licencia Gnomo #734,Licencia Gnomo #734,https://docs.valentigamez.com/2357/_media/licencia-mecenas-gnomo.png,734,2,,,,,,,1
Licencia Gnomo #735,Licencia Gnomo #735,https://docs.valentigamez.com/2357/_media/licencia-mecenas-gnomo.png,735,2,,,,,,,1
Licencia Gnomo #736,Licencia Gnomo #736,https://docs.valentigamez.com/2357/_media/licencia-mecenas-gnomo.png,736,2,,,,,,,1
Licencia Gnomo #737,Licencia Gnomo #737,https://docs.valentigamez.com/2357/_media/licencia-mecenas-gnomo.png,737,2,,,,,,,1
Licencia Gnomo #738,Licencia Gnomo #738,https://docs.valentigamez.com/2357/_media/licencia-mecenas-gnomo.png,738,2,,,,,,,1
Licencia Gnomo #739,Licencia Gnomo #739,https://docs.valentigamez.com/2357/_media/licencia-mecenas-gnomo.png,739,2,,,,,,,1
Licencia Gnomo #740,Licencia Gnomo #740,https://docs.valentigamez.com/2357/_media/licencia-mecenas-gnomo.png,740,2,,,,,,,1
Licencia Gnomo #741,Licencia Gnomo #741,https://docs.valentigamez.com/2357/_media/licencia-mecenas-gnomo.png,741,2,,,,,,,1
Licencia Gnomo #742,Licencia Gnomo #742,https://docs.valentigamez.com/2357/_media/licencia-mecenas-gnomo.png,742,2,,,,,,,1
Licencia Gnomo #743,Licencia Gnomo #743,https://docs.valentigamez.com/2357/_media/licencia-mecenas-gnomo.png,743,2,,,,,,,1
Licencia Gnomo #744,Licencia Gnomo #744,https://docs.valentigamez.com/2357/_media/licencia-mecenas-gnomo.png,744,2,,,,,,,1
Licencia Gnomo #745,Licencia Gnomo #745,https://docs.valentigamez.com/2357/_media/licencia-mecenas-gnomo.png,745,2,,,,,,,1
Licencia Gnomo #746,Licencia Gnomo #746,https://docs.valentigamez.com/2357/_media/licencia-mecenas-gnomo.png,746,2,,,,,,,1
Licencia Gnomo #747,Licencia Gnomo #747,https://docs.valentigamez.com/2357/_media/licencia-mecenas-gnomo.png,747,2,,,,,,,1
Licencia Gnomo #748,Licencia Gnomo #748,https://docs.valentigamez.com/2357/_media/licencia-mecenas-gnomo.png,748,2,,,,,,,1
Licencia Gnomo #749,Licencia Gnomo #749,https://docs.valentigamez.com/2357/_media/licencia-mecenas-gnomo.png,749,2,,,,,,,1
Licencia Gnomo #750,Licencia Gnomo #750,https://docs.valentigamez.com/2357/_media/licencia-mecenas-gnomo.png,750,2,,,,,,,1
Licencia Gnomo #751,Licencia Gnomo #751,https://docs.valentigamez.com/2357/_media/licencia-mecenas-gnomo.png,751,2,,,,,,,1
Licencia Gnomo #752,Licencia Gnomo #752,https://docs.valentigamez.com/2357/_media/licencia-mecenas-gnomo.png,752,2,,,,,,,1
Licencia Gnomo #753,Licencia Gnomo #753,https://docs.valentigamez.com/2357/_media/licencia-mecenas-gnomo.png,753,2,,,,,,,1
Licencia Gnomo #754,Licencia Gnomo #754,https://docs.valentigamez.com/2357/_media/licencia-mecenas-gnomo.png,754,2,,,,,,,1
Licencia Gnomo #755,Licencia Gnomo #755,https://docs.valentigamez.com/2357/_media/licencia-mecenas-gnomo.png,755,2,,,,,,,1
Licencia Gnomo #756,Licencia Gnomo #756,https://docs.valentigamez.com/2357/_media/licencia-mecenas-gnomo.png,756,2,,,,,,,1
Licencia Gnomo #757,Licencia Gnomo #757,https://docs.valentigamez.com/2357/_media/licencia-mecenas-gnomo.png,757,2,,,,,,,1
Licencia Gnomo #758,Licencia Gnomo #758,https://docs.valentigamez.com/2357/_media/licencia-mecenas-gnomo.png,758,2,,,,,,,1
Licencia Gnomo #759,Licencia Gnomo #759,https://docs.valentigamez.com/2357/_media/licencia-mecenas-gnomo.png,759,2,,,,,,,1
Licencia Gnomo #760,Licencia Gnomo #760,https://docs.valentigamez.com/2357/_media/licencia-mecenas-gnomo.png,760,2,,,,,,,1
Licencia Gnomo #761,Licencia Gnomo #761,https://docs.valentigamez.com/2357/_media/licencia-mecenas-gnomo.png,761,2,,,,,,,1
Licencia Gnomo #762,Licencia Gnomo #762,https://docs.valentigamez.com/2357/_media/licencia-mecenas-gnomo.png,762,2,,,,,,,1
Licencia Gnomo #763,Licencia Gnomo #763,https://docs.valentigamez.com/2357/_media/licencia-mecenas-gnomo.png,763,2,,,,,,,1
Licencia Gnomo #764,Licencia Gnomo #764,https://docs.valentigamez.com/2357/_media/licencia-mecenas-gnomo.png,764,2,,,,,,,1
Licencia Gnomo #765,Licencia Gnomo #765,https://docs.valentigamez.com/2357/_media/licencia-mecenas-gnomo.png,765,2,,,,,,,1
Licencia Gnomo #766,Licencia Gnomo #766,https://docs.valentigamez.com/2357/_media/licencia-mecenas-gnomo.png,766,2,,,,,,,1
Licencia Gnomo #767,Licencia Gnomo #767,https://docs.valentigamez.com/2357/_media/licencia-mecenas-gnomo.png,767,2,,,,,,,1
Licencia Gnomo #768,Licencia Gnomo #768,https://docs.valentigamez.com/2357/_media/licencia-mecenas-gnomo.png,768,2,,,,,,,1
Licencia Gnomo #769,Licencia Gnomo #769,https://docs.valentigamez.com/2357/_media/licencia-mecenas-gnomo.png,769,2,,,,,,,1
Licencia Gnomo #770,Licencia Gnomo #770,https://docs.valentigamez.com/2357/_media/licencia-mecenas-gnomo.png,770,2,,,,,,,1
Licencia Gnomo #771,Licencia Gnomo #771,https://docs.valentigamez.com/2357/_media/licencia-mecenas-gnomo.png,771,2,,,,,,,1
Licencia Gnomo #772,Licencia Gnomo #772,https://docs.valentigamez.com/2357/_media/licencia-mecenas-gnomo.png,772,2,,,,,,,1
Licencia Gnomo #773,Licencia Gnomo #773,https://docs.valentigamez.com/2357/_media/licencia-mecenas-gnomo.png,773,2,,,,,,,1
Licencia Gnomo #774,Licencia Gnomo #774,https://docs.valentigamez.com/2357/_media/licencia-mecenas-gnomo.png,774,2,,,,,,,1
Licencia Gnomo #775,Licencia Gnomo #775,https://docs.valentigamez.com/2357/_media/licencia-mecenas-gnomo.png,775,2,,,,,,,1
Licencia Gnomo #776,Licencia Gnomo #776,https://docs.valentigamez.com/2357/_media/licencia-mecenas-gnomo.png,776,2,,,,,,,1
Licencia Gnomo #777,Licencia Gnomo #777,https://docs.valentigamez.com/2357/_media/licencia-mecenas-gnomo.png,777,2,,,,,,,1
Licencia Gnomo #778,Licencia Gnomo #778,https://docs.valentigamez.com/2357/_media/licencia-mecenas-gnomo.png,778,2,,,,,,,1
Licencia Gnomo #779,Licencia Gnomo #779,https://docs.valentigamez.com/2357/_media/licencia-mecenas-gnomo.png,779,2,,,,,,,1
Licencia Gnomo #780,Licencia Gnomo #780,https://docs.valentigamez.com/2357/_media/licencia-mecenas-gnomo.png,780,2,,,,,,,1
Licencia Gnomo #781,Licencia Gnomo #781,https://docs.valentigamez.com/2357/_media/licencia-mecenas-gnomo.png,781,2,,,,,,,1
Licencia Gnomo #782,Licencia Gnomo #782,https://docs.valentigamez.com/2357/_media/licencia-mecenas-gnomo.png,782,2,,,,,,,1
Licencia Gnomo #783,Licencia Gnomo #783,https://docs.valentigamez.com/2357/_media/licencia-mecenas-gnomo.png,783,2,,,,,,,1
Licencia Gnomo #784,Licencia Gnomo #784,https://docs.valentigamez.com/2357/_media/licencia-mecenas-gnomo.png,784,2,,,,,,,1
Licencia Gnomo #785,Licencia Gnomo #785,https://docs.valentigamez.com/2357/_media/licencia-mecenas-gnomo.png,785,2,,,,,,,1
Licencia Gnomo #786,Licencia Gnomo #786,https://docs.valentigamez.com/2357/_media/licencia-mecenas-gnomo.png,786,2,,,,,,,1
Licencia Gnomo #787,Licencia Gnomo #787,https://docs.valentigamez.com/2357/_media/licencia-mecenas-gnomo.png,787,2,,,,,,,1
Licencia Gnomo #788,Licencia Gnomo #788,https://docs.valentigamez.com/2357/_media/licencia-mecenas-gnomo.png,788,2,,,,,,,1
Licencia Gnomo #789,Licencia Gnomo #789,https://docs.valentigamez.com/2357/_media/licencia-mecenas-gnomo.png,789,2,,,,,,,1
Licencia Gnomo #790,Licencia Gnomo #790,https://docs.valentigamez.com/2357/_media/licencia-mecenas-gnomo.png,790,2,,,,,,,1
Licencia Gnomo #791,Licencia Gnomo #791,https://docs.valentigamez.com/2357/_media/licencia-mecenas-gnomo.png,791,2,,,,,,,1
Licencia Gnomo #792,Licencia Gnomo #792,https://docs.valentigamez.com/2357/_media/licencia-mecenas-gnomo.png,792,2,,,,,,,1
Licencia Gnomo #793,Licencia Gnomo #793,https://docs.valentigamez.com/2357/_media/licencia-mecenas-gnomo.png,793,2,,,,,,,1
Licencia Gnomo #794,Licencia Gnomo #794,https://docs.valentigamez.com/2357/_media/licencia-mecenas-gnomo.png,794,2,,,,,,,1
Licencia Gnomo #795,Licencia Gnomo #795,https://docs.valentigamez.com/2357/_media/licencia-mecenas-gnomo.png,795,2,,,,,,,1
Licencia Gnomo #796,Licencia Gnomo #796,https://docs.valentigamez.com/2357/_media/licencia-mecenas-gnomo.png,796,2,,,,,,,1
Licencia Gnomo #797,Licencia Gnomo #797,https://docs.valentigamez.com/2357/_media/licencia-mecenas-gnomo.png,797,2,,,,,,,1
Licencia Gnomo #798,Licencia Gnomo #798,https://docs.valentigamez.com/2357/_media/licencia-mecenas-gnomo.png,798,2,,,,,,,1
Licencia Gnomo #799,Licencia Gnomo #799,https://docs.valentigamez.com/2357/_media/licencia-mecenas-gnomo.png,799,2,,,,,,,1
Licencia Gnomo #800,Licencia Gnomo #800,https://docs.valentigamez.com/2357/_media/licencia-mecenas-gnomo.png,800,2,,,,,,,1
Licencia Gnomo #801,Licencia Gnomo #801,https://docs.valentigamez.com/2357/_media/licencia-mecenas-gnomo.png,801,2,,,,,,,1
Licencia Gnomo #802,Licencia Gnomo #802,https://docs.valentigamez.com/2357/_media/licencia-mecenas-gnomo.png,802,2,,,,,,,1
Licencia Gnomo #803,Licencia Gnomo #803,https://docs.valentigamez.com/2357/_media/licencia-mecenas-gnomo.png,803,2,,,,,,,1
Licencia Gnomo #804,Licencia Gnomo #804,https://docs.valentigamez.com/2357/_media/licencia-mecenas-gnomo.png,804,2,,,,,,,1
Licencia Gnomo #805,Licencia Gnomo #805,https://docs.valentigamez.com/2357/_media/licencia-mecenas-gnomo.png,805,2,,,,,,,1
Licencia Gnomo #806,Licencia Gnomo #806,https://docs.valentigamez.com/2357/_media/licencia-mecenas-gnomo.png,806,2,,,,,,,1
Licencia Gnomo #807,Licencia Gnomo #807,https://docs.valentigamez.com/2357/_media/licencia-mecenas-gnomo.png,807,2,,,,,,,1
Licencia Gnomo #808,Licencia Gnomo #808,https://docs.valentigamez.com/2357/_media/licencia-mecenas-gnomo.png,808,2,,,,,,,1
Licencia Gnomo #809,Licencia Gnomo #809,https://docs.valentigamez.com/2357/_media/licencia-mecenas-gnomo.png,809,2,,,,,,,1
Licencia Gnomo #810,Licencia Gnomo #810,https://docs.valentigamez.com/2357/_media/licencia-mecenas-gnomo.png,810,2,,,,,,,1
Licencia Gnomo #811,Licencia Gnomo #811,https://docs.valentigamez.com/2357/_media/licencia-mecenas-gnomo.png,811,2,,,,,,,1
Licencia Gnomo #812,Licencia Gnomo #812,https://docs.valentigamez.com/2357/_media/licencia-mecenas-gnomo.png,812,2,,,,,,,1
Licencia Gnomo #813,Licencia Gnomo #813,https://docs.valentigamez.com/2357/_media/licencia-mecenas-gnomo.png,813,2,,,,,,,1
Licencia Gnomo #814,Licencia Gnomo #814,https://docs.valentigamez.com/2357/_media/licencia-mecenas-gnomo.png,814,2,,,,,,,1
Licencia Gnomo #815,Licencia Gnomo #815,https://docs.valentigamez.com/2357/_media/licencia-mecenas-gnomo.png,815,2,,,,,,,1
Licencia Gnomo #816,Licencia Gnomo #816,https://docs.valentigamez.com/2357/_media/licencia-mecenas-gnomo.png,816,2,,,,,,,1
Licencia Gnomo #817,Licencia Gnomo #817,https://docs.valentigamez.com/2357/_media/licencia-mecenas-gnomo.png,817,2,,,,,,,1
Licencia Gnomo #818,Licencia Gnomo #818,https://docs.valentigamez.com/2357/_media/licencia-mecenas-gnomo.png,818,2,,,,,,,1
Licencia Gnomo #819,Licencia Gnomo #819,https://docs.valentigamez.com/2357/_media/licencia-mecenas-gnomo.png,819,2,,,,,,,1
Licencia Gnomo #820,Licencia Gnomo #820,https://docs.valentigamez.com/2357/_media/licencia-mecenas-gnomo.png,820,2,,,,,,,1
Licencia Gnomo #821,Licencia Gnomo #821,https://docs.valentigamez.com/2357/_media/licencia-mecenas-gnomo.png,821,2,,,,,,,1
Licencia Gnomo #822,Licencia Gnomo #822,https://docs.valentigamez.com/2357/_media/licencia-mecenas-gnomo.png,822,2,,,,,,,1
Licencia Gnomo #823,Licencia Gnomo #823,https://docs.valentigamez.com/2357/_media/licencia-mecenas-gnomo.png,823,2,,,,,,,1
Licencia Gnomo #824,Licencia Gnomo #824,https://docs.valentigamez.com/2357/_media/licencia-mecenas-gnomo.png,824,2,,,,,,,1
Licencia Gnomo #825,Licencia Gnomo #825,https://docs.valentigamez.com/2357/_media/licencia-mecenas-gnomo.png,825,2,,,,,,,1
Licencia Gnomo #826,Licencia Gnomo #826,https://docs.valentigamez.com/2357/_media/licencia-mecenas-gnomo.png,826,2,,,,,,,1
Licencia Gnomo #827,Licencia Gnomo #827,https://docs.valentigamez.com/2357/_media/licencia-mecenas-gnomo.png,827,2,,,,,,,1
Licencia Gnomo #828,Licencia Gnomo #828,https://docs.valentigamez.com/2357/_media/licencia-mecenas-gnomo.png,828,2,,,,,,,1
Licencia Gnomo #829,Licencia Gnomo #829,https://docs.valentigamez.com/2357/_media/licencia-mecenas-gnomo.png,829,2,,,,,,,1
Licencia Gnomo #830,Licencia Gnomo #830,https://docs.valentigamez.com/2357/_media/licencia-mecenas-gnomo.png,830,2,,,,,,,1
Licencia Gnomo #831,Licencia Gnomo #831,https://docs.valentigamez.com/2357/_media/licencia-mecenas-gnomo.png,831,2,,,,,,,1
Licencia Gnomo #832,Licencia Gnomo #832,https://docs.valentigamez.com/2357/_media/licencia-mecenas-gnomo.png,832,2,,,,,,,1
Licencia Gnomo #833,Licencia Gnomo #833,https://docs.valentigamez.com/2357/_media/licencia-mecenas-gnomo.png,833,2,,,,,,,1
Licencia Gnomo #834,Licencia Gnomo #834,https://docs.valentigamez.com/2357/_media/licencia-mecenas-gnomo.png,834,2,,,,,,,1
Licencia Gnomo #835,Licencia Gnomo #835,https://docs.valentigamez.com/2357/_media/licencia-mecenas-gnomo.png,835,2,,,,,,,1
Licencia Gnomo #836,Licencia Gnomo #836,https://docs.valentigamez.com/2357/_media/licencia-mecenas-gnomo.png,836,2,,,,,,,1
Licencia Gnomo #837,Licencia Gnomo #837,https://docs.valentigamez.com/2357/_media/licencia-mecenas-gnomo.png,837,2,,,,,,,1
Licencia Gnomo #838,Licencia Gnomo #838,https://docs.valentigamez.com/2357/_media/licencia-mecenas-gnomo.png,838,2,,,,,,,1
Licencia Gnomo #839,Licencia Gnomo #839,https://docs.valentigamez.com/2357/_media/licencia-mecenas-gnomo.png,839,2,,,,,,,1
Licencia Gnomo #840,Licencia Gnomo #840,https://docs.valentigamez.com/2357/_media/licencia-mecenas-gnomo.png,840,2,,,,,,,1
Licencia Gnomo #841,Licencia Gnomo #841,https://docs.valentigamez.com/2357/_media/licencia-mecenas-gnomo.png,841,2,,,,,,,1
Licencia Gnomo #842,Licencia Gnomo #842,https://docs.valentigamez.com/2357/_media/licencia-mecenas-gnomo.png,842,2,,,,,,,1
Licencia Gnomo #843,Licencia Gnomo #843,https://docs.valentigamez.com/2357/_media/licencia-mecenas-gnomo.png,843,2,,,,,,,1
Licencia Gnomo #844,Licencia Gnomo #844,https://docs.valentigamez.com/2357/_media/licencia-mecenas-gnomo.png,844,2,,,,,,,1
Licencia Gnomo #845,Licencia Gnomo #845,https://docs.valentigamez.com/2357/_media/licencia-mecenas-gnomo.png,845,2,,,,,,,1
Licencia Gnomo #846,Licencia Gnomo #846,https://docs.valentigamez.com/2357/_media/licencia-mecenas-gnomo.png,846,2,,,,,,,1
Licencia Gnomo #847,Licencia Gnomo #847,https://docs.valentigamez.com/2357/_media/licencia-mecenas-gnomo.png,847,2,,,,,,,1
Licencia Gnomo #848,Licencia Gnomo #848,https://docs.valentigamez.com/2357/_media/licencia-mecenas-gnomo.png,848,2,,,,,,,1
Licencia Gnomo #849,Licencia Gnomo #849,https://docs.valentigamez.com/2357/_media/licencia-mecenas-gnomo.png,849,2,,,,,,,1
Licencia Gnomo #850,Licencia Gnomo #850,https://docs.valentigamez.com/2357/_media/licencia-mecenas-gnomo.png,850,2,,,,,,,1
Licencia Gnomo #851,Licencia Gnomo #851,https://docs.valentigamez.com/2357/_media/licencia-mecenas-gnomo.png,851,2,,,,,,,1
Licencia Gnomo #852,Licencia Gnomo #852,https://docs.valentigamez.com/2357/_media/licencia-mecenas-gnomo.png,852,2,,,,,,,1
Licencia Gnomo #853,Licencia Gnomo #853,https://docs.valentigamez.com/2357/_media/licencia-mecenas-gnomo.png,853,2,,,,,,,1
Licencia Gnomo #854,Licencia Gnomo #854,https://docs.valentigamez.com/2357/_media/licencia-mecenas-gnomo.png,854,2,,,,,,,1
Licencia Gnomo #855,Licencia Gnomo #855,https://docs.valentigamez.com/2357/_media/licencia-mecenas-gnomo.png,855,2,,,,,,,1
Licencia Gnomo #856,Licencia Gnomo #856,https://docs.valentigamez.com/2357/_media/licencia-mecenas-gnomo.png,856,2,,,,,,,1
Licencia Gnomo #857,Licencia Gnomo #857,https://docs.valentigamez.com/2357/_media/licencia-mecenas-gnomo.png,857,2,,,,,,,1
Licencia Gnomo #858,Licencia Gnomo #858,https://docs.valentigamez.com/2357/_media/licencia-mecenas-gnomo.png,858,2,,,,,,,1
Licencia Gnomo #859,Licencia Gnomo #859,https://docs.valentigamez.com/2357/_media/licencia-mecenas-gnomo.png,859,2,,,,,,,1
Licencia Gnomo #860,Licencia Gnomo #860,https://docs.valentigamez.com/2357/_media/licencia-mecenas-gnomo.png,860,2,,,,,,,1
Licencia Gnomo #861,Licencia Gnomo #861,https://docs.valentigamez.com/2357/_media/licencia-mecenas-gnomo.png,861,2,,,,,,,1
Licencia Gnomo #862,Licencia Gnomo #862,https://docs.valentigamez.com/2357/_media/licencia-mecenas-gnomo.png,862,2,,,,,,,1
Licencia Gnomo #863,Licencia Gnomo #863,https://docs.valentigamez.com/2357/_media/licencia-mecenas-gnomo.png,863,2,,,,,,,1
Licencia Gnomo #864,Licencia Gnomo #864,https://docs.valentigamez.com/2357/_media/licencia-mecenas-gnomo.png,864,2,,,,,,,1
Licencia Gnomo #865,Licencia Gnomo #865,https://docs.valentigamez.com/2357/_media/licencia-mecenas-gnomo.png,865,2,,,,,,,1
Licencia Gnomo #866,Licencia Gnomo #866,https://docs.valentigamez.com/2357/_media/licencia-mecenas-gnomo.png,866,2,,,,,,,1
Licencia Gnomo #867,Licencia Gnomo #867,https://docs.valentigamez.com/2357/_media/licencia-mecenas-gnomo.png,867,2,,,,,,,1
Licencia Gnomo #868,Licencia Gnomo #868,https://docs.valentigamez.com/2357/_media/licencia-mecenas-gnomo.png,868,2,,,,,,,1
Licencia Gnomo #869,Licencia Gnomo #869,https://docs.valentigamez.com/2357/_media/licencia-mecenas-gnomo.png,869,2,,,,,,,1
Licencia Gnomo #870,Licencia Gnomo #870,https://docs.valentigamez.com/2357/_media/licencia-mecenas-gnomo.png,870,2,,,,,,,1
Licencia Gnomo #871,Licencia Gnomo #871,https://docs.valentigamez.com/2357/_media/licencia-mecenas-gnomo.png,871,2,,,,,,,1
Licencia Gnomo #872,Licencia Gnomo #872,https://docs.valentigamez.com/2357/_media/licencia-mecenas-gnomo.png,872,2,,,,,,,1
Licencia Gnomo #873,Licencia Gnomo #873,https://docs.valentigamez.com/2357/_media/licencia-mecenas-gnomo.png,873,2,,,,,,,1
Licencia Gnomo #874,Licencia Gnomo #874,https://docs.valentigamez.com/2357/_media/licencia-mecenas-gnomo.png,874,2,,,,,,,1
Licencia Gnomo #875,Licencia Gnomo #875,https://docs.valentigamez.com/2357/_media/licencia-mecenas-gnomo.png,875,2,,,,,,,1
Licencia Gnomo #876,Licencia Gnomo #876,https://docs.valentigamez.com/2357/_media/licencia-mecenas-gnomo.png,876,2,,,,,,,1
Licencia Gnomo #877,Licencia Gnomo #877,https://docs.valentigamez.com/2357/_media/licencia-mecenas-gnomo.png,877,2,,,,,,,1
Licencia Gnomo #878,Licencia Gnomo #878,https://docs.valentigamez.com/2357/_media/licencia-mecenas-gnomo.png,878,2,,,,,,,1
Licencia Gnomo #879,Licencia Gnomo #879,https://docs.valentigamez.com/2357/_media/licencia-mecenas-gnomo.png,879,2,,,,,,,1
Licencia Gnomo #880,Licencia Gnomo #880,https://docs.valentigamez.com/2357/_media/licencia-mecenas-gnomo.png,880,2,,,,,,,1
Licencia Gnomo #881,Licencia Gnomo #881,https://docs.valentigamez.com/2357/_media/licencia-mecenas-gnomo.png,881,2,,,,,,,1
Licencia Gnomo #882,Licencia Gnomo #882,https://docs.valentigamez.com/2357/_media/licencia-mecenas-gnomo.png,882,2,,,,,,,1
Licencia Gnomo #883,Licencia Gnomo #883,https://docs.valentigamez.com/2357/_media/licencia-mecenas-gnomo.png,883,2,,,,,,,1
Licencia Gnomo #884,Licencia Gnomo #884,https://docs.valentigamez.com/2357/_media/licencia-mecenas-gnomo.png,884,2,,,,,,,1
Licencia Gnomo #885,Licencia Gnomo #885,https://docs.valentigamez.com/2357/_media/licencia-mecenas-gnomo.png,885,2,,,,,,,1
Licencia Gnomo #886,Licencia Gnomo #886,https://docs.valentigamez.com/2357/_media/licencia-mecenas-gnomo.png,886,2,,,,,,,1
Licencia Gnomo #887,Licencia Gnomo #887,https://docs.valentigamez.com/2357/_media/licencia-mecenas-gnomo.png,887,2,,,,,,,1
Licencia Gnomo #888,Licencia Gnomo #888,https://docs.valentigamez.com/2357/_media/licencia-mecenas-gnomo.png,888,2,,,,,,,1
Licencia Gnomo #889,Licencia Gnomo #889,https://docs.valentigamez.com/2357/_media/licencia-mecenas-gnomo.png,889,2,,,,,,,1
Licencia Gnomo #890,Licencia Gnomo #890,https://docs.valentigamez.com/2357/_media/licencia-mecenas-gnomo.png,890,2,,,,,,,1
Licencia Gnomo #891,Licencia Gnomo #891,https://docs.valentigamez.com/2357/_media/licencia-mecenas-gnomo.png,891,2,,,,,,,1
Licencia Gnomo #892,Licencia Gnomo #892,https://docs.valentigamez.com/2357/_media/licencia-mecenas-gnomo.png,892,2,,,,,,,1
Licencia Gnomo #893,Licencia Gnomo #893,https://docs.valentigamez.com/2357/_media/licencia-mecenas-gnomo.png,893,2,,,,,,,1
Licencia Gnomo #894,Licencia Gnomo #894,https://docs.valentigamez.com/2357/_media/licencia-mecenas-gnomo.png,894,2,,,,,,,1
Licencia Gnomo #895,Licencia Gnomo #895,https://docs.valentigamez.com/2357/_media/licencia-mecenas-gnomo.png,895,2,,,,,,,1
Licencia Gnomo #896,Licencia Gnomo #896,https://docs.valentigamez.com/2357/_media/licencia-mecenas-gnomo.png,896,2,,,,,,,1
Licencia Gnomo #897,Licencia Gnomo #897,https://docs.valentigamez.com/2357/_media/licencia-mecenas-gnomo.png,897,2,,,,,,,1
Licencia Gnomo #898,Licencia Gnomo #898,https://docs.valentigamez.com/2357/_media/licencia-mecenas-gnomo.png,898,2,,,,,,,1
Licencia Gnomo #899,Licencia Gnomo #899,https://docs.valentigamez.com/2357/_media/licencia-mecenas-gnomo.png,899,2,,,,,,,1
Licencia Gnomo #900,Licencia Gnomo #900,https://docs.valentigamez.com/2357/_media/licencia-mecenas-gnomo.png,900,2,,,,,,,1
Licencia Gnomo #901,Licencia Gnomo #901,https://docs.valentigamez.com/2357/_media/licencia-mecenas-gnomo.png,901,2,,,,,,,1
Licencia Gnomo #902,Licencia Gnomo #902,https://docs.valentigamez.com/2357/_media/licencia-mecenas-gnomo.png,902,2,,,,,,,1
Licencia Gnomo #903,Licencia Gnomo #903,https://docs.valentigamez.com/2357/_media/licencia-mecenas-gnomo.png,903,2,,,,,,,1
Licencia Gnomo #904,Licencia Gnomo #904,https://docs.valentigamez.com/2357/_media/licencia-mecenas-gnomo.png,904,2,,,,,,,1
Licencia Gnomo #905,Licencia Gnomo #905,https://docs.valentigamez.com/2357/_media/licencia-mecenas-gnomo.png,905,2,,,,,,,1
Licencia Gnomo #906,Licencia Gnomo #906,https://docs.valentigamez.com/2357/_media/licencia-mecenas-gnomo.png,906,2,,,,,,,1
Licencia Gnomo #907,Licencia Gnomo #907,https://docs.valentigamez.com/2357/_media/licencia-mecenas-gnomo.png,907,2,,,,,,,1
Licencia Gnomo #908,Licencia Gnomo #908,https://docs.valentigamez.com/2357/_media/licencia-mecenas-gnomo.png,908,2,,,,,,,1
Licencia Gnomo #909,Licencia Gnomo #909,https://docs.valentigamez.com/2357/_media/licencia-mecenas-gnomo.png,909,2,,,,,,,1
Licencia Gnomo #910,Licencia Gnomo #910,https://docs.valentigamez.com/2357/_media/licencia-mecenas-gnomo.png,910,2,,,,,,,1
Licencia Gnomo #911,Licencia Gnomo #911,https://docs.valentigamez.com/2357/_media/licencia-mecenas-gnomo.png,911,2,,,,,,,1
Licencia Gnomo #912,Licencia Gnomo #912,https://docs.valentigamez.com/2357/_media/licencia-mecenas-gnomo.png,912,2,,,,,,,1
Licencia Gnomo #913,Licencia Gnomo #913,https://docs.valentigamez.com/2357/_media/licencia-mecenas-gnomo.png,913,2,,,,,,,1
Licencia Gnomo #914,Licencia Gnomo #914,https://docs.valentigamez.com/2357/_media/licencia-mecenas-gnomo.png,914,2,,,,,,,1
Licencia Gnomo #915,Licencia Gnomo #915,https://docs.valentigamez.com/2357/_media/licencia-mecenas-gnomo.png,915,2,,,,,,,1
Licencia Gnomo #916,Licencia Gnomo #916,https://docs.valentigamez.com/2357/_media/licencia-mecenas-gnomo.png,916,2,,,,,,,1
Licencia Gnomo #917,Licencia Gnomo #917,https://docs.valentigamez.com/2357/_media/licencia-mecenas-gnomo.png,917,2,,,,,,,1
Licencia Gnomo #918,Licencia Gnomo #918,https://docs.valentigamez.com/2357/_media/licencia-mecenas-gnomo.png,918,2,,,,,,,1
Licencia Gnomo #919,Licencia Gnomo #919,https://docs.valentigamez.com/2357/_media/licencia-mecenas-gnomo.png,919,2,,,,,,,1
Licencia Gnomo #920,Licencia Gnomo #920,https://docs.valentigamez.com/2357/_media/licencia-mecenas-gnomo.png,920,2,,,,,,,1
Licencia Gnomo #921,Licencia Gnomo #921,https://docs.valentigamez.com/2357/_media/licencia-mecenas-gnomo.png,921,2,,,,,,,1
Licencia Gnomo #922,Licencia Gnomo #922,https://docs.valentigamez.com/2357/_media/licencia-mecenas-gnomo.png,922,2,,,,,,,1
Licencia Gnomo #923,Licencia Gnomo #923,https://docs.valentigamez.com/2357/_media/licencia-mecenas-gnomo.png,923,2,,,,,,,1
Licencia Gnomo #924,Licencia Gnomo #924,https://docs.valentigamez.com/2357/_media/licencia-mecenas-gnomo.png,924,2,,,,,,,1
Licencia Gnomo #925,Licencia Gnomo #925,https://docs.valentigamez.com/2357/_media/licencia-mecenas-gnomo.png,925,2,,,,,,,1
Licencia Gnomo #926,Licencia Gnomo #926,https://docs.valentigamez.com/2357/_media/licencia-mecenas-gnomo.png,926,2,,,,,,,1
Licencia Gnomo #927,Licencia Gnomo #927,https://docs.valentigamez.com/2357/_media/licencia-mecenas-gnomo.png,927,2,,,,,,,1
Licencia Gnomo #928,Licencia Gnomo #928,https://docs.valentigamez.com/2357/_media/licencia-mecenas-gnomo.png,928,2,,,,,,,1
Licencia Gnomo #929,Licencia Gnomo #929,https://docs.valentigamez.com/2357/_media/licencia-mecenas-gnomo.png,929,2,,,,,,,1
Licencia Gnomo #930,Licencia Gnomo #930,https://docs.valentigamez.com/2357/_media/licencia-mecenas-gnomo.png,930,2,,,,,,,1
Licencia Gnomo #931,Licencia Gnomo #931,https://docs.valentigamez.com/2357/_media/licencia-mecenas-gnomo.png,931,2,,,,,,,1
Licencia Gnomo #932,Licencia Gnomo #932,https://docs.valentigamez.com/2357/_media/licencia-mecenas-gnomo.png,932,2,,,,,,,1
Licencia Gnomo #933,Licencia Gnomo #933,https://docs.valentigamez.com/2357/_media/licencia-mecenas-gnomo.png,933,2,,,,,,,1
Licencia Gnomo #934,Licencia Gnomo #934,https://docs.valentigamez.com/2357/_media/licencia-mecenas-gnomo.png,934,2,,,,,,,1
Licencia Gnomo #935,Licencia Gnomo #935,https://docs.valentigamez.com/2357/_media/licencia-mecenas-gnomo.png,935,2,,,,,,,1
Licencia Gnomo #936,Licencia Gnomo #936,https://docs.valentigamez.com/2357/_media/licencia-mecenas-gnomo.png,936,2,,,,,,,1
Licencia Gnomo #937,Licencia Gnomo #937,https://docs.valentigamez.com/2357/_media/licencia-mecenas-gnomo.png,937,2,,,,,,,1
Licencia Gnomo #938,Licencia Gnomo #938,https://docs.valentigamez.com/2357/_media/licencia-mecenas-gnomo.png,938,2,,,,,,,1
Licencia Gnomo #939,Licencia Gnomo #939,https://docs.valentigamez.com/2357/_media/licencia-mecenas-gnomo.png,939,2,,,,,,,1
Licencia Gnomo #940,Licencia Gnomo #940,https://docs.valentigamez.com/2357/_media/licencia-mecenas-gnomo.png,940,2,,,,,,,1
Licencia Gnomo #941,Licencia Gnomo #941,https://docs.valentigamez.com/2357/_media/licencia-mecenas-gnomo.png,941,2,,,,,,,1
Licencia Gnomo #942,Licencia Gnomo #942,https://docs.valentigamez.com/2357/_media/licencia-mecenas-gnomo.png,942,2,,,,,,,1
Licencia Gnomo #943,Licencia Gnomo #943,https://docs.valentigamez.com/2357/_media/licencia-mecenas-gnomo.png,943,2,,,,,,,1
Licencia Gnomo #944,Licencia Gnomo #944,https://docs.valentigamez.com/2357/_media/licencia-mecenas-gnomo.png,944,2,,,,,,,1
Licencia Gnomo #945,Licencia Gnomo #945,https://docs.valentigamez.com/2357/_media/licencia-mecenas-gnomo.png,945,2,,,,,,,1
Licencia Gnomo #946,Licencia Gnomo #946,https://docs.valentigamez.com/2357/_media/licencia-mecenas-gnomo.png,946,2,,,,,,,1
Licencia Gnomo #947,Licencia Gnomo #947,https://docs.valentigamez.com/2357/_media/licencia-mecenas-gnomo.png,947,2,,,,,,,1
Licencia Gnomo #948,Licencia Gnomo #948,https://docs.valentigamez.com/2357/_media/licencia-mecenas-gnomo.png,948,2,,,,,,,1
Licencia Gnomo #949,Licencia Gnomo #949,https://docs.valentigamez.com/2357/_media/licencia-mecenas-gnomo.png,949,2,,,,,,,1
Licencia Gnomo #950,Licencia Gnomo #950,https://docs.valentigamez.com/2357/_media/licencia-mecenas-gnomo.png,950,2,,,,,,,1
Licencia Gnomo #951,Licencia Gnomo #951,https://docs.valentigamez.com/2357/_media/licencia-mecenas-gnomo.png,951,2,,,,,,,1
Licencia Gnomo #952,Licencia Gnomo #952,https://docs.valentigamez.com/2357/_media/licencia-mecenas-gnomo.png,952,2,,,,,,,1
Licencia Gnomo #953,Licencia Gnomo #953,https://docs.valentigamez.com/2357/_media/licencia-mecenas-gnomo.png,953,2,,,,,,,1
Licencia Gnomo #954,Licencia Gnomo #954,https://docs.valentigamez.com/2357/_media/licencia-mecenas-gnomo.png,954,2,,,,,,,1
Licencia Gnomo #955,Licencia Gnomo #955,https://docs.valentigamez.com/2357/_media/licencia-mecenas-gnomo.png,955,2,,,,,,,1
Licencia Gnomo #956,Licencia Gnomo #956,https://docs.valentigamez.com/2357/_media/licencia-mecenas-gnomo.png,956,2,,,,,,,1
Licencia Gnomo #957,Licencia Gnomo #957,https://docs.valentigamez.com/2357/_media/licencia-mecenas-gnomo.png,957,2,,,,,,,1
Licencia Gnomo #958,Licencia Gnomo #958,https://docs.valentigamez.com/2357/_media/licencia-mecenas-gnomo.png,958,2,,,,,,,1
Licencia Gnomo #959,Licencia Gnomo #959,https://docs.valentigamez.com/2357/_media/licencia-mecenas-gnomo.png,959,2,,,,,,,1
Licencia Gnomo #960,Licencia Gnomo #960,https://docs.valentigamez.com/2357/_media/licencia-mecenas-gnomo.png,960,2,,,,,,,1
Licencia Gnomo #961,Licencia Gnomo #961,https://docs.valentigamez.com/2357/_media/licencia-mecenas-gnomo.png,961,2,,,,,,,1
Licencia Gnomo #962,Licencia Gnomo #962,https://docs.valentigamez.com/2357/_media/licencia-mecenas-gnomo.png,962,2,,,,,,,1
Licencia Gnomo #963,Licencia Gnomo #963,https://docs.valentigamez.com/2357/_media/licencia-mecenas-gnomo.png,963,2,,,,,,,1
Licencia Gnomo #964,Licencia Gnomo #964,https://docs.valentigamez.com/2357/_media/licencia-mecenas-gnomo.png,964,2,,,,,,,1
Licencia Gnomo #965,Licencia Gnomo #965,https://docs.valentigamez.com/2357/_media/licencia-mecenas-gnomo.png,965,2,,,,,,,1
Licencia Gnomo #966,Licencia Gnomo #966,https://docs.valentigamez.com/2357/_media/licencia-mecenas-gnomo.png,966,2,,,,,,,1
Licencia Gnomo #967,Licencia Gnomo #967,https://docs.valentigamez.com/2357/_media/licencia-mecenas-gnomo.png,967,2,,,,,,,1
Licencia Gnomo #968,Licencia Gnomo #968,https://docs.valentigamez.com/2357/_media/licencia-mecenas-gnomo.png,968,2,,,,,,,1
Licencia Gnomo #969,Licencia Gnomo #969,https://docs.valentigamez.com/2357/_media/licencia-mecenas-gnomo.png,969,2,,,,,,,1
Licencia Gnomo #970,Licencia Gnomo #970,https://docs.valentigamez.com/2357/_media/licencia-mecenas-gnomo.png,970,2,,,,,,,1
Licencia Gnomo #971,Licencia Gnomo #971,https://docs.valentigamez.com/2357/_media/licencia-mecenas-gnomo.png,971,2,,,,,,,1
Licencia Gnomo #972,Licencia Gnomo #972,https://docs.valentigamez.com/2357/_media/licencia-mecenas-gnomo.png,972,2,,,,,,,1
Licencia Gnomo #973,Licencia Gnomo #973,https://docs.valentigamez.com/2357/_media/licencia-mecenas-gnomo.png,973,2,,,,,,,1
Licencia Gnomo #974,Licencia Gnomo #974,https://docs.valentigamez.com/2357/_media/licencia-mecenas-gnomo.png,974,2,,,,,,,1
Licencia Gnomo #975,Licencia Gnomo #975,https://docs.valentigamez.com/2357/_media/licencia-mecenas-gnomo.png,975,2,,,,,,,1
Licencia Gnomo #976,Licencia Gnomo #976,https://docs.valentigamez.com/2357/_media/licencia-mecenas-gnomo.png,976,2,,,,,,,1
Licencia Gnomo #977,Licencia Gnomo #977,https://docs.valentigamez.com/2357/_media/licencia-mecenas-gnomo.png,977,2,,,,,,,1
Licencia Gnomo #978,Licencia Gnomo #978,https://docs.valentigamez.com/2357/_media/licencia-mecenas-gnomo.png,978,2,,,,,,,1
Licencia Gnomo #979,Licencia Gnomo #979,https://docs.valentigamez.com/2357/_media/licencia-mecenas-gnomo.png,979,2,,,,,,,1
Licencia Gnomo #980,Licencia Gnomo #980,https://docs.valentigamez.com/2357/_media/licencia-mecenas-gnomo.png,980,2,,,,,,,1
Licencia Gnomo #981,Licencia Gnomo #981,https://docs.valentigamez.com/2357/_media/licencia-mecenas-gnomo.png,981,2,,,,,,,1
Licencia Gnomo #982,Licencia Gnomo #982,https://docs.valentigamez.com/2357/_media/licencia-mecenas-gnomo.png,982,2,,,,,,,1
Licencia Gnomo #983,Licencia Gnomo #983,https://docs.valentigamez.com/2357/_media/licencia-mecenas-gnomo.png,983,2,,,,,,,1
Licencia Gnomo #984,Licencia Gnomo #984,https://docs.valentigamez.com/2357/_media/licencia-mecenas-gnomo.png,984,2,,,,,,,1
Licencia Gnomo #985,Licencia Gnomo #985,https://docs.valentigamez.com/2357/_media/licencia-mecenas-gnomo.png,985,2,,,,,,,1
Licencia Gnomo #986,Licencia Gnomo #986,https://docs.valentigamez.com/2357/_media/licencia-mecenas-gnomo.png,986,2,,,,,,,1
Licencia Gnomo #987,Licencia Gnomo #987,https://docs.valentigamez.com/2357/_media/licencia-mecenas-gnomo.png,987,2,,,,,,,1
Licencia Gnomo #988,Licencia Gnomo #988,https://docs.valentigamez.com/2357/_media/licencia-mecenas-gnomo.png,988,2,,,,,,,1
Licencia Gnomo #989,Licencia Gnomo #989,https://docs.valentigamez.com/2357/_media/licencia-mecenas-gnomo.png,989,2,,,,,,,1
Licencia Gnomo #990,Licencia Gnomo #990,https://docs.valentigamez.com/2357/_media/licencia-mecenas-gnomo.png,990,2,,,,,,,1
Licencia Gnomo #991,Licencia Gnomo #991,https://docs.valentigamez.com/2357/_media/licencia-mecenas-gnomo.png,991,2,,,,,,,1
Licencia Gnomo #992,Licencia Gnomo #992,https://docs.valentigamez.com/2357/_media/licencia-mecenas-gnomo.png,992,2,,,,,,,1
Licencia Gnomo #993,Licencia Gnomo #993,https://docs.valentigamez.com/2357/_media/licencia-mecenas-gnomo.png,993,2,,,,,,,1
Licencia Gnomo #994,Licencia Gnomo #994,https://docs.valentigamez.com/2357/_media/licencia-mecenas-gnomo.png,994,2,,,,,,,1
Licencia Gnomo #995,Licencia Gnomo #995,https://docs.valentigamez.com/2357/_media/licencia-mecenas-gnomo.png,995,2,,,,,,,1
Licencia Gnomo #996,Licencia Gnomo #996,https://docs.valentigamez.com/2357/_media/licencia-mecenas-gnomo.png,996,2,,,,,,,1
Licencia Gnomo #997,Licencia Gnomo #997,https://docs.valentigamez.com/2357/_media/licencia-mecenas-gnomo.png,997,2,,,,,,,1
Licencia Gnomo #998,Licencia Gnomo #998,https://docs.valentigamez.com/2357/_media/licencia-mecenas-gnomo.png,998,2,,,,,,,1
Licencia Gnomo #999,Licencia Gnomo #999,https://docs.valentigamez.com/2357/_media/licencia-mecenas-gnomo.png,999,2,,,,,,,1
Licencia Gnomo #1000,Licencia Gnomo #1000,https://docs.valentigamez.com/2357/_media/licencia-mecenas-gnomo.png,1000,2,,,,,,,1
Licencia Gnomo #1001,Licencia Gnomo #1001,https://docs.valentigamez.com/2357/_media/licencia-mecenas-gnomo.png,1001,2,,,,,,,1
Licencia Gnomo #1002,Licencia Gnomo #1002,https://docs.valentigamez.com/2357/_media/licencia-mecenas-gnomo.png,1002,2,,,,,,,1
Licencia Gnomo #1003,Licencia Gnomo #1003,https://docs.valentigamez.com/2357/_media/licencia-mecenas-gnomo.png,1003,2,,,,,,,1
Licencia Gnomo #1004,Licencia Gnomo #1004,https://docs.valentigamez.com/2357/_media/licencia-mecenas-gnomo.png,1004,2,,,,,,,1
Licencia Gnomo #1005,Licencia Gnomo #1005,https://docs.valentigamez.com/2357/_media/licencia-mecenas-gnomo.png,1005,2,,,,,,,1
Licencia Gnomo #1006,Licencia Gnomo #1006,https://docs.valentigamez.com/2357/_media/licencia-mecenas-gnomo.png,1006,2,,,,,,,1
Licencia Gnomo #1007,Licencia Gnomo #1007,https://docs.valentigamez.com/2357/_media/licencia-mecenas-gnomo.png,1007,2,,,,,,,1
Licencia Gnomo #1008,Licencia Gnomo #1008,https://docs.valentigamez.com/2357/_media/licencia-mecenas-gnomo.png,1008,2,,,,,,,1
Licencia Gnomo #1009,Licencia Gnomo #1009,https://docs.valentigamez.com/2357/_media/licencia-mecenas-gnomo.png,1009,2,,,,,,,1
Licencia Gnomo #1010,Licencia Gnomo #1010,https://docs.valentigamez.com/2357/_media/licencia-mecenas-gnomo.png,1010,2,,,,,,,1
Licencia Gnomo #1011,Licencia Gnomo #1011,https://docs.valentigamez.com/2357/_media/licencia-mecenas-gnomo.png,1011,2,,,,,,,1
Licencia Gnomo #1012,Licencia Gnomo #1012,https://docs.valentigamez.com/2357/_media/licencia-mecenas-gnomo.png,1012,2,,,,,,,1
Licencia Gnomo #1013,Licencia Gnomo #1013,https://docs.valentigamez.com/2357/_media/licencia-mecenas-gnomo.png,1013,2,,,,,,,1
Licencia Gnomo #1014,Licencia Gnomo #1014,https://docs.valentigamez.com/2357/_media/licencia-mecenas-gnomo.png,1014,2,,,,,,,1
Licencia Gnomo #1015,Licencia Gnomo #1015,https://docs.valentigamez.com/2357/_media/licencia-mecenas-gnomo.png,1015,2,,,,,,,1
Licencia Gnomo #1016,Licencia Gnomo #1016,https://docs.valentigamez.com/2357/_media/licencia-mecenas-gnomo.png,1016,2,,,,,,,1
Licencia Gnomo #1017,Licencia Gnomo #1017,https://docs.valentigamez.com/2357/_media/licencia-mecenas-gnomo.png,1017,2,,,,,,,1
Licencia Gnomo #1018,Licencia Gnomo #1018,https://docs.valentigamez.com/2357/_media/licencia-mecenas-gnomo.png,1018,2,,,,,,,1
Licencia Gnomo #1019,Licencia Gnomo #1019,https://docs.valentigamez.com/2357/_media/licencia-mecenas-gnomo.png,1019,2,,,,,,,1
Licencia Gnomo #1020,Licencia Gnomo #1020,https://docs.valentigamez.com/2357/_media/licencia-mecenas-gnomo.png,1020,2,,,,,,,1
Licencia Gnomo #1021,Licencia Gnomo #1021,https://docs.valentigamez.com/2357/_media/licencia-mecenas-gnomo.png,1021,2,,,,,,,1
Licencia Gnomo #1022,Licencia Gnomo #1022,https://docs.valentigamez.com/2357/_media/licencia-mecenas-gnomo.png,1022,2,,,,,,,1
Licencia Gnomo #1023,Licencia Gnomo #1023,https://docs.valentigamez.com/2357/_media/licencia-mecenas-gnomo.png,1023,2,,,,,,,1
Licencia Gnomo #1024,Licencia Gnomo #1024,https://docs.valentigamez.com/2357/_media/licencia-mecenas-gnomo.png,1024,2,,,,,,,1
Licencia Gnomo #1025,Licencia Gnomo #1025,https://docs.valentigamez.com/2357/_media/licencia-mecenas-gnomo.png,1025,2,,,,,,,1
Licencia Gnomo #1026,Licencia Gnomo #1026,https://docs.valentigamez.com/2357/_media/licencia-mecenas-gnomo.png,1026,2,,,,,,,1
Licencia Gnomo #1027,Licencia Gnomo #1027,https://docs.valentigamez.com/2357/_media/licencia-mecenas-gnomo.png,1027,2,,,,,,,1
Licencia Gnomo #1028,Licencia Gnomo #1028,https://docs.valentigamez.com/2357/_media/licencia-mecenas-gnomo.png,1028,2,,,,,,,1
Licencia Gnomo #1029,Licencia Gnomo #1029,https://docs.valentigamez.com/2357/_media/licencia-mecenas-gnomo.png,1029,2,,,,,,,1
Licencia Gnomo #1030,Licencia Gnomo #1030,https://docs.valentigamez.com/2357/_media/licencia-mecenas-gnomo.png,1030,2,,,,,,,1
Licencia Gnomo #1031,Licencia Gnomo #1031,https://docs.valentigamez.com/2357/_media/licencia-mecenas-gnomo.png,1031,2,,,,,,,1
Licencia Gnomo #1032,Licencia Gnomo #1032,https://docs.valentigamez.com/2357/_media/licencia-mecenas-gnomo.png,1032,2,,,,,,,1
Licencia Gnomo #1033,Licencia Gnomo #1033,https://docs.valentigamez.com/2357/_media/licencia-mecenas-gnomo.png,1033,2,,,,,,,1
Licencia Gnomo #1034,Licencia Gnomo #1034,https://docs.valentigamez.com/2357/_media/licencia-mecenas-gnomo.png,1034,2,,,,,,,1
Licencia Gnomo #1035,Licencia Gnomo #1035,https://docs.valentigamez.com/2357/_media/licencia-mecenas-gnomo.png,1035,2,,,,,,,1
Licencia Gnomo #1036,Licencia Gnomo #1036,https://docs.valentigamez.com/2357/_media/licencia-mecenas-gnomo.png,1036,2,,,,,,,1
Licencia Gnomo #1037,Licencia Gnomo #1037,https://docs.valentigamez.com/2357/_media/licencia-mecenas-gnomo.png,1037,2,,,,,,,1
Licencia Gnomo #1038,Licencia Gnomo #1038,https://docs.valentigamez.com/2357/_media/licencia-mecenas-gnomo.png,1038,2,,,,,,,1
Licencia Gnomo #1039,Licencia Gnomo #1039,https://docs.valentigamez.com/2357/_media/licencia-mecenas-gnomo.png,1039,2,,,,,,,1
Licencia Gnomo #1040,Licencia Gnomo #1040,https://docs.valentigamez.com/2357/_media/licencia-mecenas-gnomo.png,1040,2,,,,,,,1
Licencia Gnomo #1041,Licencia Gnomo #1041,https://docs.valentigamez.com/2357/_media/licencia-mecenas-gnomo.png,1041,2,,,,,,,1
Licencia Gnomo #1042,Licencia Gnomo #1042,https://docs.valentigamez.com/2357/_media/licencia-mecenas-gnomo.png,1042,2,,,,,,,1
Licencia Gnomo #1043,Licencia Gnomo #1043,https://docs.valentigamez.com/2357/_media/licencia-mecenas-gnomo.png,1043,2,,,,,,,1
Licencia Gnomo #1044,Licencia Gnomo #1044,https://docs.valentigamez.com/2357/_media/licencia-mecenas-gnomo.png,1044,2,,,,,,,1
Licencia Gnomo #1045,Licencia Gnomo #1045,https://docs.valentigamez.com/2357/_media/licencia-mecenas-gnomo.png,1045,2,,,,,,,1
Licencia Gnomo #1046,Licencia Gnomo #1046,https://docs.valentigamez.com/2357/_media/licencia-mecenas-gnomo.png,1046,2,,,,,,,1
Licencia Gnomo #1047,Licencia Gnomo #1047,https://docs.valentigamez.com/2357/_media/licencia-mecenas-gnomo.png,1047,2,,,,,,,1
Licencia Gnomo #1048,Licencia Gnomo #1048,https://docs.valentigamez.com/2357/_media/licencia-mecenas-gnomo.png,1048,2,,,,,,,1
Licencia Gnomo #1049,Licencia Gnomo #1049,https://docs.valentigamez.com/2357/_media/licencia-mecenas-gnomo.png,1049,2,,,,,,,1
Licencia Gnomo #1050,Licencia Gnomo #1050,https://docs.valentigamez.com/2357/_media/licencia-mecenas-gnomo.png,1050,2,,,,,,,1
Licencia Gnomo #1051,Licencia Gnomo #1051,https://docs.valentigamez.com/2357/_media/licencia-mecenas-gnomo.png,1051,2,,,,,,,1
Licencia Gnomo #1052,Licencia Gnomo #1052,https://docs.valentigamez.com/2357/_media/licencia-mecenas-gnomo.png,1052,2,,,,,,,1
Licencia Gnomo #1053,Licencia Gnomo #1053,https://docs.valentigamez.com/2357/_media/licencia-mecenas-gnomo.png,1053,2,,,,,,,1
Licencia Gnomo #1054,Licencia Gnomo #1054,https://docs.valentigamez.com/2357/_media/licencia-mecenas-gnomo.png,1054,2,,,,,,,1
Licencia Gnomo #1055,Licencia Gnomo #1055,https://docs.valentigamez.com/2357/_media/licencia-mecenas-gnomo.png,1055,2,,,,,,,1
Licencia Gnomo #1056,Licencia Gnomo #1056,https://docs.valentigamez.com/2357/_media/licencia-mecenas-gnomo.png,1056,2,,,,,,,1
Licencia Gnomo #1057,Licencia Gnomo #1057,https://docs.valentigamez.com/2357/_media/licencia-mecenas-gnomo.png,1057,2,,,,,,,1
Licencia Gnomo #1058,Licencia Gnomo #1058,https://docs.valentigamez.com/2357/_media/licencia-mecenas-gnomo.png,1058,2,,,,,,,1
Licencia Gnomo #1059,Licencia Gnomo #1059,https://docs.valentigamez.com/2357/_media/licencia-mecenas-gnomo.png,1059,2,,,,,,,1
Licencia Gnomo #1060,Licencia Gnomo #1060,https://docs.valentigamez.com/2357/_media/licencia-mecenas-gnomo.png,1060,2,,,,,,,1
Licencia Gnomo #1061,Licencia Gnomo #1061,https://docs.valentigamez.com/2357/_media/licencia-mecenas-gnomo.png,1061,2,,,,,,,1
Licencia Gnomo #1062,Licencia Gnomo #1062,https://docs.valentigamez.com/2357/_media/licencia-mecenas-gnomo.png,1062,2,,,,,,,1
Licencia Gnomo #1063,Licencia Gnomo #1063,https://docs.valentigamez.com/2357/_media/licencia-mecenas-gnomo.png,1063,2,,,,,,,1
Licencia Gnomo #1064,Licencia Gnomo #1064,https://docs.valentigamez.com/2357/_media/licencia-mecenas-gnomo.png,1064,2,,,,,,,1
Licencia Gnomo #1065,Licencia Gnomo #1065,https://docs.valentigamez.com/2357/_media/licencia-mecenas-gnomo.png,1065,2,,,,,,,1
Licencia Gnomo #1066,Licencia Gnomo #1066,https://docs.valentigamez.com/2357/_media/licencia-mecenas-gnomo.png,1066,2,,,,,,,1
Licencia Gnomo #1067,Licencia Gnomo #1067,https://docs.valentigamez.com/2357/_media/licencia-mecenas-gnomo.png,1067,2,,,,,,,1
Licencia Gnomo #1068,Licencia Gnomo #1068,https://docs.valentigamez.com/2357/_media/licencia-mecenas-gnomo.png,1068,2,,,,,,,1
Licencia Gnomo #1069,Licencia Gnomo #1069,https://docs.valentigamez.com/2357/_media/licencia-mecenas-gnomo.png,1069,2,,,,,,,1
Licencia Gnomo #1070,Licencia Gnomo #1070,https://docs.valentigamez.com/2357/_media/licencia-mecenas-gnomo.png,1070,2,,,,,,,1
Licencia Gnomo #1071,Licencia Gnomo #1071,https://docs.valentigamez.com/2357/_media/licencia-mecenas-gnomo.png,1071,2,,,,,,,1
Licencia Gnomo #1072,Licencia Gnomo #1072,https://docs.valentigamez.com/2357/_media/licencia-mecenas-gnomo.png,1072,2,,,,,,,1
Licencia Gnomo #1073,Licencia Gnomo #1073,https://docs.valentigamez.com/2357/_media/licencia-mecenas-gnomo.png,1073,2,,,,,,,1
Licencia Gnomo #1074,Licencia Gnomo #1074,https://docs.valentigamez.com/2357/_media/licencia-mecenas-gnomo.png,1074,2,,,,,,,1
Licencia Gnomo #1075,Licencia Gnomo #1075,https://docs.valentigamez.com/2357/_media/licencia-mecenas-gnomo.png,1075,2,,,,,,,1
Licencia Gnomo #1076,Licencia Gnomo #1076,https://docs.valentigamez.com/2357/_media/licencia-mecenas-gnomo.png,1076,2,,,,,,,1
Licencia Gnomo #1077,Licencia Gnomo #1077,https://docs.valentigamez.com/2357/_media/licencia-mecenas-gnomo.png,1077,2,,,,,,,1
Licencia Gnomo #1078,Licencia Gnomo #1078,https://docs.valentigamez.com/2357/_media/licencia-mecenas-gnomo.png,1078,2,,,,,,,1
Licencia Gnomo #1079,Licencia Gnomo #1079,https://docs.valentigamez.com/2357/_media/licencia-mecenas-gnomo.png,1079,2,,,,,,,1
Licencia Gnomo #1080,Licencia Gnomo #1080,https://docs.valentigamez.com/2357/_media/licencia-mecenas-gnomo.png,1080,2,,,,,,,1
Licencia Gnomo #1081,Licencia Gnomo #1081,https://docs.valentigamez.com/2357/_media/licencia-mecenas-gnomo.png,1081,2,,,,,,,1
Licencia Gnomo #1082,Licencia Gnomo #1082,https://docs.valentigamez.com/2357/_media/licencia-mecenas-gnomo.png,1082,2,,,,,,,1
Licencia Gnomo #1083,Licencia Gnomo #1083,https://docs.valentigamez.com/2357/_media/licencia-mecenas-gnomo.png,1083,2,,,,,,,1
Licencia Gnomo #1084,Licencia Gnomo #1084,https://docs.valentigamez.com/2357/_media/licencia-mecenas-gnomo.png,1084,2,,,,,,,1
Licencia Gnomo #1085,Licencia Gnomo #1085,https://docs.valentigamez.com/2357/_media/licencia-mecenas-gnomo.png,1085,2,,,,,,,1
Licencia Gnomo #1086,Licencia Gnomo #1086,https://docs.valentigamez.com/2357/_media/licencia-mecenas-gnomo.png,1086,2,,,,,,,1
Licencia Gnomo #1087,Licencia Gnomo #1087,https://docs.valentigamez.com/2357/_media/licencia-mecenas-gnomo.png,1087,2,,,,,,,1
Licencia Gnomo #1088,Licencia Gnomo #1088,https://docs.valentigamez.com/2357/_media/licencia-mecenas-gnomo.png,1088,2,,,,,,,1
Licencia Gnomo #1089,Licencia Gnomo #1089,https://docs.valentigamez.com/2357/_media/licencia-mecenas-gnomo.png,1089,2,,,,,,,1
Licencia Gnomo #1090,Licencia Gnomo #1090,https://docs.valentigamez.com/2357/_media/licencia-mecenas-gnomo.png,1090,2,,,,,,,1
Licencia Gnomo #1091,Licencia Gnomo #1091,https://docs.valentigamez.com/2357/_media/licencia-mecenas-gnomo.png,1091,2,,,,,,,1
Licencia Gnomo #1092,Licencia Gnomo #1092,https://docs.valentigamez.com/2357/_media/licencia-mecenas-gnomo.png,1092,2,,,,,,,1
Licencia Gnomo #1093,Licencia Gnomo #1093,https://docs.valentigamez.com/2357/_media/licencia-mecenas-gnomo.png,1093,2,,,,,,,1
Licencia Gnomo #1094,Licencia Gnomo #1094,https://docs.valentigamez.com/2357/_media/licencia-mecenas-gnomo.png,1094,2,,,,,,,1
Licencia Gnomo #1095,Licencia Gnomo #1095,https://docs.valentigamez.com/2357/_media/licencia-mecenas-gnomo.png,1095,2,,,,,,,1
Licencia Gnomo #1096,Licencia Gnomo #1096,https://docs.valentigamez.com/2357/_media/licencia-mecenas-gnomo.png,1096,2,,,,,,,1
Licencia Gnomo #1097,Licencia Gnomo #1097,https://docs.valentigamez.com/2357/_media/licencia-mecenas-gnomo.png,1097,2,,,,,,,1
Licencia Gnomo #1098,Licencia Gnomo #1098,https://docs.valentigamez.com/2357/_media/licencia-mecenas-gnomo.png,1098,2,,,,,,,1
Licencia Gnomo #1099,Licencia Gnomo #1099,https://docs.valentigamez.com/2357/_media/licencia-mecenas-gnomo.png,1099,2,,,,,,,1
Licencia Gnomo #1100,Licencia Gnomo #1100,https://docs.valentigamez.com/2357/_media/licencia-mecenas-gnomo.png,1100,2,,,,,,,1
Licencia Gnomo #1101,Licencia Gnomo #1101,https://docs.valentigamez.com/2357/_media/licencia-mecenas-gnomo.png,1101,2,,,,,,,1
Licencia Gnomo #1102,Licencia Gnomo #1102,https://docs.valentigamez.com/2357/_media/licencia-mecenas-gnomo.png,1102,2,,,,,,,1
Licencia Gnomo #1103,Licencia Gnomo #1103,https://docs.valentigamez.com/2357/_media/licencia-mecenas-gnomo.png,1103,2,,,,,,,1
Licencia Gnomo #1104,Licencia Gnomo #1104,https://docs.valentigamez.com/2357/_media/licencia-mecenas-gnomo.png,1104,2,,,,,,,1
Licencia Gnomo #1105,Licencia Gnomo #1105,https://docs.valentigamez.com/2357/_media/licencia-mecenas-gnomo.png,1105,2,,,,,,,1
Licencia Gnomo #1106,Licencia Gnomo #1106,https://docs.valentigamez.com/2357/_media/licencia-mecenas-gnomo.png,1106,2,,,,,,,1
Licencia Gnomo #1107,Licencia Gnomo #1107,https://docs.valentigamez.com/2357/_media/licencia-mecenas-gnomo.png,1107,2,,,,,,,1
Licencia Gnomo #1108,Licencia Gnomo #1108,https://docs.valentigamez.com/2357/_media/licencia-mecenas-gnomo.png,1108,2,,,,,,,1
Licencia Gnomo #1109,Licencia Gnomo #1109,https://docs.valentigamez.com/2357/_media/licencia-mecenas-gnomo.png,1109,2,,,,,,,1
Licencia Gnomo #1110,Licencia Gnomo #1110,https://docs.valentigamez.com/2357/_media/licencia-mecenas-gnomo.png,1110,2,,,,,,,1
Licencia Gnomo #1111,Licencia Gnomo #1111,https://docs.valentigamez.com/2357/_media/licencia-mecenas-gnomo.png,1111,2,,,,,,,1
Licencia Gnomo #1112,Licencia Gnomo #1112,https://docs.valentigamez.com/2357/_media/licencia-mecenas-gnomo.png,1112,2,,,,,,,1
Licencia Gnomo #1113,Licencia Gnomo #1113,https://docs.valentigamez.com/2357/_media/licencia-mecenas-gnomo.png,1113,2,,,,,,,1
Licencia Gnomo #1114,Licencia Gnomo #1114,https://docs.valentigamez.com/2357/_media/licencia-mecenas-gnomo.png,1114,2,,,,,,,1
Licencia Gnomo #1115,Licencia Gnomo #1115,https://docs.valentigamez.com/2357/_media/licencia-mecenas-gnomo.png,1115,2,,,,,,,1
Licencia Gnomo #1116,Licencia Gnomo #1116,https://docs.valentigamez.com/2357/_media/licencia-mecenas-gnomo.png,1116,2,,,,,,,1
Licencia Gnomo #1117,Licencia Gnomo #1117,https://docs.valentigamez.com/2357/_media/licencia-mecenas-gnomo.png,1117,2,,,,,,,1
Licencia Gnomo #1118,Licencia Gnomo #1118,https://docs.valentigamez.com/2357/_media/licencia-mecenas-gnomo.png,1118,2,,,,,,,1
Licencia Gnomo #1119,Licencia Gnomo #1119,https://docs.valentigamez.com/2357/_media/licencia-mecenas-gnomo.png,1119,2,,,,,,,1
Licencia Gnomo #1120,Licencia Gnomo #1120,https://docs.valentigamez.com/2357/_media/licencia-mecenas-gnomo.png,1120,2,,,,,,,1
Licencia Gnomo #1121,Licencia Gnomo #1121,https://docs.valentigamez.com/2357/_media/licencia-mecenas-gnomo.png,1121,2,,,,,,,1
Licencia Gnomo #1122,Licencia Gnomo #1122,https://docs.valentigamez.com/2357/_media/licencia-mecenas-gnomo.png,1122,2,,,,,,,1
Licencia Gnomo #1123,Licencia Gnomo #1123,https://docs.valentigamez.com/2357/_media/licencia-mecenas-gnomo.png,1123,2,,,,,,,1
Licencia Gnomo #1124,Licencia Gnomo #1124,https://docs.valentigamez.com/2357/_media/licencia-mecenas-gnomo.png,1124,2,,,,,,,1
Licencia Gnomo #1125,Licencia Gnomo #1125,https://docs.valentigamez.com/2357/_media/licencia-mecenas-gnomo.png,1125,2,,,,,,,1
Licencia Gnomo #1126,Licencia Gnomo #1126,https://docs.valentigamez.com/2357/_media/licencia-mecenas-gnomo.png,1126,2,,,,,,,1
Licencia Gnomo #1127,Licencia Gnomo #1127,https://docs.valentigamez.com/2357/_media/licencia-mecenas-gnomo.png,1127,2,,,,,,,1
Licencia Gnomo #1128,Licencia Gnomo #1128,https://docs.valentigamez.com/2357/_media/licencia-mecenas-gnomo.png,1128,2,,,,,,,1
Licencia Gnomo #1129,Licencia Gnomo #1129,https://docs.valentigamez.com/2357/_media/licencia-mecenas-gnomo.png,1129,2,,,,,,,1
Licencia Gnomo #1130,Licencia Gnomo #1130,https://docs.valentigamez.com/2357/_media/licencia-mecenas-gnomo.png,1130,2,,,,,,,1
Licencia Gnomo #1131,Licencia Gnomo #1131,https://docs.valentigamez.com/2357/_media/licencia-mecenas-gnomo.png,1131,2,,,,,,,1
Licencia Gnomo #1132,Licencia Gnomo #1132,https://docs.valentigamez.com/2357/_media/licencia-mecenas-gnomo.png,1132,2,,,,,,,1
Licencia Gnomo #1133,Licencia Gnomo #1133,https://docs.valentigamez.com/2357/_media/licencia-mecenas-gnomo.png,1133,2,,,,,,,1
Licencia Gnomo #1134,Licencia Gnomo #1134,https://docs.valentigamez.com/2357/_media/licencia-mecenas-gnomo.png,1134,2,,,,,,,1
Licencia Gnomo #1135,Licencia Gnomo #1135,https://docs.valentigamez.com/2357/_media/licencia-mecenas-gnomo.png,1135,2,,,,,,,1
Licencia Gnomo #1136,Licencia Gnomo #1136,https://docs.valentigamez.com/2357/_media/licencia-mecenas-gnomo.png,1136,2,,,,,,,1
Licencia Gnomo #1137,Licencia Gnomo #1137,https://docs.valentigamez.com/2357/_media/licencia-mecenas-gnomo.png,1137,2,,,,,,,1
Licencia Gnomo #1138,Licencia Gnomo #1138,https://docs.valentigamez.com/2357/_media/licencia-mecenas-gnomo.png,1138,2,,,,,,,1
Licencia Gnomo #1139,Licencia Gnomo #1139,https://docs.valentigamez.com/2357/_media/licencia-mecenas-gnomo.png,1139,2,,,,,,,1
Licencia Gnomo #1140,Licencia Gnomo #1140,https://docs.valentigamez.com/2357/_media/licencia-mecenas-gnomo.png,1140,2,,,,,,,1
Licencia Gnomo #1141,Licencia Gnomo #1141,https://docs.valentigamez.com/2357/_media/licencia-mecenas-gnomo.png,1141,2,,,,,,,1
Licencia Gnomo #1142,Licencia Gnomo #1142,https://docs.valentigamez.com/2357/_media/licencia-mecenas-gnomo.png,1142,2,,,,,,,1
Licencia Gnomo #1143,Licencia Gnomo #1143,https://docs.valentigamez.com/2357/_media/licencia-mecenas-gnomo.png,1143,2,,,,,,,1
Licencia Gnomo #1144,Licencia Gnomo #1144,https://docs.valentigamez.com/2357/_media/licencia-mecenas-gnomo.png,1144,2,,,,,,,1
Licencia Gnomo #1145,Licencia Gnomo #1145,https://docs.valentigamez.com/2357/_media/licencia-mecenas-gnomo.png,1145,2,,,,,,,1
Licencia Gnomo #1146,Licencia Gnomo #1146,https://docs.valentigamez.com/2357/_media/licencia-mecenas-gnomo.png,1146,2,,,,,,,1
Licencia Gnomo #1147,Licencia Gnomo #1147,https://docs.valentigamez.com/2357/_media/licencia-mecenas-gnomo.png,1147,2,,,,,,,1
Licencia Gnomo #1148,Licencia Gnomo #1148,https://docs.valentigamez.com/2357/_media/licencia-mecenas-gnomo.png,1148,2,,,,,,,1
Licencia Gnomo #1149,Licencia Gnomo #1149,https://docs.valentigamez.com/2357/_media/licencia-mecenas-gnomo.png,1149,2,,,,,,,1
Licencia Gnomo #1150,Licencia Gnomo #1150,https://docs.valentigamez.com/2357/_media/licencia-mecenas-gnomo.png,1150,2,,,,,,,1
Licencia Gnomo #1151,Licencia Gnomo #1151,https://docs.valentigamez.com/2357/_media/licencia-mecenas-gnomo.png,1151,2,,,,,,,1
Licencia Gnomo #1152,Licencia Gnomo #1152,https://docs.valentigamez.com/2357/_media/licencia-mecenas-gnomo.png,1152,2,,,,,,,1
Licencia Gnomo #1153,Licencia Gnomo #1153,https://docs.valentigamez.com/2357/_media/licencia-mecenas-gnomo.png,1153,2,,,,,,,1
Licencia Gnomo #1154,Licencia Gnomo #1154,https://docs.valentigamez.com/2357/_media/licencia-mecenas-gnomo.png,1154,2,,,,,,,1
Licencia Gnomo #1155,Licencia Gnomo #1155,https://docs.valentigamez.com/2357/_media/licencia-mecenas-gnomo.png,1155,2,,,,,,,1
Licencia Gnomo #1156,Licencia Gnomo #1156,https://docs.valentigamez.com/2357/_media/licencia-mecenas-gnomo.png,1156,2,,,,,,,1
Licencia Gnomo #1157,Licencia Gnomo #1157,https://docs.valentigamez.com/2357/_media/licencia-mecenas-gnomo.png,1157,2,,,,,,,1
Licencia Gnomo #1158,Licencia Gnomo #1158,https://docs.valentigamez.com/2357/_media/licencia-mecenas-gnomo.png,1158,2,,,,,,,1
Licencia Gnomo #1159,Licencia Gnomo #1159,https://docs.valentigamez.com/2357/_media/licencia-mecenas-gnomo.png,1159,2,,,,,,,1
Licencia Gnomo #1160,Licencia Gnomo #1160,https://docs.valentigamez.com/2357/_media/licencia-mecenas-gnomo.png,1160,2,,,,,,,1
Licencia Gnomo #1161,Licencia Gnomo #1161,https://docs.valentigamez.com/2357/_media/licencia-mecenas-gnomo.png,1161,2,,,,,,,1
Licencia Gnomo #1162,Licencia Gnomo #1162,https://docs.valentigamez.com/2357/_media/licencia-mecenas-gnomo.png,1162,2,,,,,,,1
Licencia Gnomo #1163,Licencia Gnomo #1163,https://docs.valentigamez.com/2357/_media/licencia-mecenas-gnomo.png,1163,2,,,,,,,1
Licencia Gnomo #1164,Licencia Gnomo #1164,https://docs.valentigamez.com/2357/_media/licencia-mecenas-gnomo.png,1164,2,,,,,,,1
Licencia Gnomo #1165,Licencia Gnomo #1165,https://docs.valentigamez.com/2357/_media/licencia-mecenas-gnomo.png,1165,2,,,,,,,1
Licencia Gnomo #1166,Licencia Gnomo #1166,https://docs.valentigamez.com/2357/_media/licencia-mecenas-gnomo.png,1166,2,,,,,,,1
Licencia Gnomo #1167,Licencia Gnomo #1167,https://docs.valentigamez.com/2357/_media/licencia-mecenas-gnomo.png,1167,2,,,,,,,1
Licencia Gnomo #1168,Licencia Gnomo #1168,https://docs.valentigamez.com/2357/_media/licencia-mecenas-gnomo.png,1168,2,,,,,,,1
Licencia Gnomo #1169,Licencia Gnomo #1169,https://docs.valentigamez.com/2357/_media/licencia-mecenas-gnomo.png,1169,2,,,,,,,1
Licencia Gnomo #1170,Licencia Gnomo #1170,https://docs.valentigamez.com/2357/_media/licencia-mecenas-gnomo.png,1170,2,,,,,,,1
Licencia Gnomo #1171,Licencia Gnomo #1171,https://docs.valentigamez.com/2357/_media/licencia-mecenas-gnomo.png,1171,2,,,,,,,1
Licencia Gnomo #1172,Licencia Gnomo #1172,https://docs.valentigamez.com/2357/_media/licencia-mecenas-gnomo.png,1172,2,,,,,,,1
Licencia Gnomo #1173,Licencia Gnomo #1173,https://docs.valentigamez.com/2357/_media/licencia-mecenas-gnomo.png,1173,2,,,,,,,1
Licencia Gnomo #1174,Licencia Gnomo #1174,https://docs.valentigamez.com/2357/_media/licencia-mecenas-gnomo.png,1174,2,,,,,,,1
Licencia Gnomo #1175,Licencia Gnomo #1175,https://docs.valentigamez.com/2357/_media/licencia-mecenas-gnomo.png,1175,2,,,,,,,1
Licencia Gnomo #1176,Licencia Gnomo #1176,https://docs.valentigamez.com/2357/_media/licencia-mecenas-gnomo.png,1176,2,,,,,,,1
Licencia Gnomo #1177,Licencia Gnomo #1177,https://docs.valentigamez.com/2357/_media/licencia-mecenas-gnomo.png,1177,2,,,,,,,1
Licencia Gnomo #1178,Licencia Gnomo #1178,https://docs.valentigamez.com/2357/_media/licencia-mecenas-gnomo.png,1178,2,,,,,,,1
Licencia Gnomo #1179,Licencia Gnomo #1179,https://docs.valentigamez.com/2357/_media/licencia-mecenas-gnomo.png,1179,2,,,,,,,1
Licencia Gnomo #1180,Licencia Gnomo #1180,https://docs.valentigamez.com/2357/_media/licencia-mecenas-gnomo.png,1180,2,,,,,,,1
Licencia Gnomo #1181,Licencia Gnomo #1181,https://docs.valentigamez.com/2357/_media/licencia-mecenas-gnomo.png,1181,2,,,,,,,1
Licencia Gnomo #1182,Licencia Gnomo #1182,https://docs.valentigamez.com/2357/_media/licencia-mecenas-gnomo.png,1182,2,,,,,,,1
Licencia Gnomo #1183,Licencia Gnomo #1183,https://docs.valentigamez.com/2357/_media/licencia-mecenas-gnomo.png,1183,2,,,,,,,1
Licencia Gnomo #1184,Licencia Gnomo #1184,https://docs.valentigamez.com/2357/_media/licencia-mecenas-gnomo.png,1184,2,,,,,,,1
Licencia Gnomo #1185,Licencia Gnomo #1185,https://docs.valentigamez.com/2357/_media/licencia-mecenas-gnomo.png,1185,2,,,,,,,1
Licencia Gnomo #1186,Licencia Gnomo #1186,https://docs.valentigamez.com/2357/_media/licencia-mecenas-gnomo.png,1186,2,,,,,,,1
Licencia Gnomo #1187,Licencia Gnomo #1187,https://docs.valentigamez.com/2357/_media/licencia-mecenas-gnomo.png,1187,2,,,,,,,1
Licencia Gnomo #1188,Licencia Gnomo #1188,https://docs.valentigamez.com/2357/_media/licencia-mecenas-gnomo.png,1188,2,,,,,,,1
Licencia Gnomo #1189,Licencia Gnomo #1189,https://docs.valentigamez.com/2357/_media/licencia-mecenas-gnomo.png,1189,2,,,,,,,1
Licencia Gnomo #1190,Licencia Gnomo #1190,https://docs.valentigamez.com/2357/_media/licencia-mecenas-gnomo.png,1190,2,,,,,,,1
Licencia Gnomo #1191,Licencia Gnomo #1191,https://docs.valentigamez.com/2357/_media/licencia-mecenas-gnomo.png,1191,2,,,,,,,1
Licencia Gnomo #1192,Licencia Gnomo #1192,https://docs.valentigamez.com/2357/_media/licencia-mecenas-gnomo.png,1192,2,,,,,,,1
Licencia Gnomo #1193,Licencia Gnomo #1193,https://docs.valentigamez.com/2357/_media/licencia-mecenas-gnomo.png,1193,2,,,,,,,1
Licencia Gnomo #1194,Licencia Gnomo #1194,https://docs.valentigamez.com/2357/_media/licencia-mecenas-gnomo.png,1194,2,,,,,,,1
Licencia Gnomo #1195,Licencia Gnomo #1195,https://docs.valentigamez.com/2357/_media/licencia-mecenas-gnomo.png,1195,2,,,,,,,1
Licencia Gnomo #1196,Licencia Gnomo #1196,https://docs.valentigamez.com/2357/_media/licencia-mecenas-gnomo.png,1196,2,,,,,,,1
Licencia Gnomo #1197,Licencia Gnomo #1197,https://docs.valentigamez.com/2357/_media/licencia-mecenas-gnomo.png,1197,2,,,,,,,1
Licencia Gnomo #1198,Licencia Gnomo #1198,https://docs.valentigamez.com/2357/_media/licencia-mecenas-gnomo.png,1198,2,,,,,,,1
Licencia Gnomo #1199,Licencia Gnomo #1199,https://docs.valentigamez.com/2357/_media/licencia-mecenas-gnomo.png,1199,2,,,,,,,1
Licencia Gnomo #1200,Licencia Gnomo #1200,https://docs.valentigamez.com/2357/_media/licencia-mecenas-gnomo.png,1200,2,,,,,,,1
Licencia Gnomo #1201,Licencia Gnomo #1201,https://docs.valentigamez.com/2357/_media/licencia-mecenas-gnomo.png,1201,2,,,,,,,1
Licencia Gnomo #1202,Licencia Gnomo #1202,https://docs.valentigamez.com/2357/_media/licencia-mecenas-gnomo.png,1202,2,,,,,,,1
Licencia Gnomo #1203,Licencia Gnomo #1203,https://docs.valentigamez.com/2357/_media/licencia-mecenas-gnomo.png,1203,2,,,,,,,1
Licencia Gnomo #1204,Licencia Gnomo #1204,https://docs.valentigamez.com/2357/_media/licencia-mecenas-gnomo.png,1204,2,,,,,,,1
Licencia Gnomo #1205,Licencia Gnomo #1205,https://docs.valentigamez.com/2357/_media/licencia-mecenas-gnomo.png,1205,2,,,,,,,1
Licencia Gnomo #1206,Licencia Gnomo #1206,https://docs.valentigamez.com/2357/_media/licencia-mecenas-gnomo.png,1206,2,,,,,,,1
Licencia Gnomo #1207,Licencia Gnomo #1207,https://docs.valentigamez.com/2357/_media/licencia-mecenas-gnomo.png,1207,2,,,,,,,1
Licencia Gnomo #1208,Licencia Gnomo #1208,https://docs.valentigamez.com/2357/_media/licencia-mecenas-gnomo.png,1208,2,,,,,,,1
Licencia Gnomo #1209,Licencia Gnomo #1209,https://docs.valentigamez.com/2357/_media/licencia-mecenas-gnomo.png,1209,2,,,,,,,1
Licencia Gnomo #1210,Licencia Gnomo #1210,https://docs.valentigamez.com/2357/_media/licencia-mecenas-gnomo.png,1210,2,,,,,,,1
Licencia Gnomo #1211,Licencia Gnomo #1211,https://docs.valentigamez.com/2357/_media/licencia-mecenas-gnomo.png,1211,2,,,,,,,1
Licencia Gnomo #1212,Licencia Gnomo #1212,https://docs.valentigamez.com/2357/_media/licencia-mecenas-gnomo.png,1212,2,,,,,,,1
Licencia Gnomo #1213,Licencia Gnomo #1213,https://docs.valentigamez.com/2357/_media/licencia-mecenas-gnomo.png,1213,2,,,,,,,1
Licencia Gnomo #1214,Licencia Gnomo #1214,https://docs.valentigamez.com/2357/_media/licencia-mecenas-gnomo.png,1214,2,,,,,,,1
Licencia Gnomo #1215,Licencia Gnomo #1215,https://docs.valentigamez.com/2357/_media/licencia-mecenas-gnomo.png,1215,2,,,,,,,1
Licencia Gnomo #1216,Licencia Gnomo #1216,https://docs.valentigamez.com/2357/_media/licencia-mecenas-gnomo.png,1216,2,,,,,,,1
Licencia Gnomo #1217,Licencia Gnomo #1217,https://docs.valentigamez.com/2357/_media/licencia-mecenas-gnomo.png,1217,2,,,,,,,1
Licencia Gnomo #1218,Licencia Gnomo #1218,https://docs.valentigamez.com/2357/_media/licencia-mecenas-gnomo.png,1218,2,,,,,,,1
Licencia Gnomo #1219,Licencia Gnomo #1219,https://docs.valentigamez.com/2357/_media/licencia-mecenas-gnomo.png,1219,2,,,,,,,1
Licencia Gnomo #1220,Licencia Gnomo #1220,https://docs.valentigamez.com/2357/_media/licencia-mecenas-gnomo.png,1220,2,,,,,,,1
Licencia Gnomo #1221,Licencia Gnomo #1221,https://docs.valentigamez.com/2357/_media/licencia-mecenas-gnomo.png,1221,2,,,,,,,1
Licencia Gnomo #1222,Licencia Gnomo #1222,https://docs.valentigamez.com/2357/_media/licencia-mecenas-gnomo.png,1222,2,,,,,,,1
Licencia Gnomo #1223,Licencia Gnomo #1223,https://docs.valentigamez.com/2357/_media/licencia-mecenas-gnomo.png,1223,2,,,,,,,1
Licencia Gnomo #1224,Licencia Gnomo #1224,https://docs.valentigamez.com/2357/_media/licencia-mecenas-gnomo.png,1224,2,,,,,,,1
Licencia Gnomo #1225,Licencia Gnomo #1225,https://docs.valentigamez.com/2357/_media/licencia-mecenas-gnomo.png,1225,2,,,,,,,1
Licencia Gnomo #1226,Licencia Gnomo #1226,https://docs.valentigamez.com/2357/_media/licencia-mecenas-gnomo.png,1226,2,,,,,,,1
Licencia Gnomo #1227,Licencia Gnomo #1227,https://docs.valentigamez.com/2357/_media/licencia-mecenas-gnomo.png,1227,2,,,,,,,1
Licencia Gnomo #1228,Licencia Gnomo #1228,https://docs.valentigamez.com/2357/_media/licencia-mecenas-gnomo.png,1228,2,,,,,,,1
Licencia Gnomo #1229,Licencia Gnomo #1229,https://docs.valentigamez.com/2357/_media/licencia-mecenas-gnomo.png,1229,2,,,,,,,1
Licencia Gnomo #1230,Licencia Gnomo #1230,https://docs.valentigamez.com/2357/_media/licencia-mecenas-gnomo.png,1230,2,,,,,,,1
Licencia Gnomo #1231,Licencia Gnomo #1231,https://docs.valentigamez.com/2357/_media/licencia-mecenas-gnomo.png,1231,2,,,,,,,1
Licencia Gnomo #1232,Licencia Gnomo #1232,https://docs.valentigamez.com/2357/_media/licencia-mecenas-gnomo.png,1232,2,,,,,,,1
Licencia Gnomo #1233,Licencia Gnomo #1233,https://docs.valentigamez.com/2357/_media/licencia-mecenas-gnomo.png,1233,2,,,,,,,1
Licencia Gnomo #1234,Licencia Gnomo #1234,https://docs.valentigamez.com/2357/_media/licencia-mecenas-gnomo.png,1234,2,,,,,,,1
Licencia Gnomo #1235,Licencia Gnomo #1235,https://docs.valentigamez.com/2357/_media/licencia-mecenas-gnomo.png,1235,2,,,,,,,1
Licencia Gnomo #1236,Licencia Gnomo #1236,https://docs.valentigamez.com/2357/_media/licencia-mecenas-gnomo.png,1236,2,,,,,,,1
Licencia Gnomo #1237,Licencia Gnomo #1237,https://docs.valentigamez.com/2357/_media/licencia-mecenas-gnomo.png,1237,2,,,,,,,1
Licencia Gnomo #1238,Licencia Gnomo #1238,https://docs.valentigamez.com/2357/_media/licencia-mecenas-gnomo.png,1238,2,,,,,,,1
Licencia Gnomo #1239,Licencia Gnomo #1239,https://docs.valentigamez.com/2357/_media/licencia-mecenas-gnomo.png,1239,2,,,,,,,1
Licencia Gnomo #1240,Licencia Gnomo #1240,https://docs.valentigamez.com/2357/_media/licencia-mecenas-gnomo.png,1240,2,,,,,,,1
Licencia Gnomo #1241,Licencia Gnomo #1241,https://docs.valentigamez.com/2357/_media/licencia-mecenas-gnomo.png,1241,2,,,,,,,1
Licencia Gnomo #1242,Licencia Gnomo #1242,https://docs.valentigamez.com/2357/_media/licencia-mecenas-gnomo.png,1242,2,,,,,,,1
Licencia Gnomo #1243,Licencia Gnomo #1243,https://docs.valentigamez.com/2357/_media/licencia-mecenas-gnomo.png,1243,2,,,,,,,1
Licencia Gnomo #1244,Licencia Gnomo #1244,https://docs.valentigamez.com/2357/_media/licencia-mecenas-gnomo.png,1244,2,,,,,,,1
Licencia Gnomo #1245,Licencia Gnomo #1245,https://docs.valentigamez.com/2357/_media/licencia-mecenas-gnomo.png,1245,2,,,,,,,1
Licencia Gnomo #1246,Licencia Gnomo #1246,https://docs.valentigamez.com/2357/_media/licencia-mecenas-gnomo.png,1246,2,,,,,,,1
Licencia Gnomo #1247,Licencia Gnomo #1247,https://docs.valentigamez.com/2357/_media/licencia-mecenas-gnomo.png,1247,2,,,,,,,1
Licencia Gnomo #1248,Licencia Gnomo #1248,https://docs.valentigamez.com/2357/_media/licencia-mecenas-gnomo.png,1248,2,,,,,,,1
Licencia Gnomo #1249,Licencia Gnomo #1249,https://docs.valentigamez.com/2357/_media/licencia-mecenas-gnomo.png,1249,2,,,,,,,1
Licencia Gnomo #1250,Licencia Gnomo #1250,https://docs.valentigamez.com/2357/_media/licencia-mecenas-gnomo.png,1250,2,,,,,,,1
Licencia Gnomo #1251,Licencia Gnomo #1251,https://docs.valentigamez.com/2357/_media/licencia-mecenas-gnomo.png,1251,2,,,,,,,1
Licencia Gnomo #1252,Licencia Gnomo #1252,https://docs.valentigamez.com/2357/_media/licencia-mecenas-gnomo.png,1252,2,,,,,,,1
Licencia Gnomo #1253,Licencia Gnomo #1253,https://docs.valentigamez.com/2357/_media/licencia-mecenas-gnomo.png,1253,2,,,,,,,1
Licencia Gnomo #1254,Licencia Gnomo #1254,https://docs.valentigamez.com/2357/_media/licencia-mecenas-gnomo.png,1254,2,,,,,,,1
Licencia Gnomo #1255,Licencia Gnomo #1255,https://docs.valentigamez.com/2357/_media/licencia-mecenas-gnomo.png,1255,2,,,,,,,1
Licencia Gnomo #1256,Licencia Gnomo #1256,https://docs.valentigamez.com/2357/_media/licencia-mecenas-gnomo.png,1256,2,,,,,,,1
Licencia Gnomo #1257,Licencia Gnomo #1257,https://docs.valentigamez.com/2357/_media/licencia-mecenas-gnomo.png,1257,2,,,,,,,1
Licencia Gnomo #1258,Licencia Gnomo #1258,https://docs.valentigamez.com/2357/_media/licencia-mecenas-gnomo.png,1258,2,,,,,,,1
Licencia Gnomo #1259,Licencia Gnomo #1259,https://docs.valentigamez.com/2357/_media/licencia-mecenas-gnomo.png,1259,2,,,,,,,1
Licencia Gnomo #1260,Licencia Gnomo #1260,https://docs.valentigamez.com/2357/_media/licencia-mecenas-gnomo.png,1260,2,,,,,,,1
Licencia Gnomo #1261,Licencia Gnomo #1261,https://docs.valentigamez.com/2357/_media/licencia-mecenas-gnomo.png,1261,2,,,,,,,1
Licencia Gnomo #1262,Licencia Gnomo #1262,https://docs.valentigamez.com/2357/_media/licencia-mecenas-gnomo.png,1262,2,,,,,,,1
Licencia Gnomo #1263,Licencia Gnomo #1263,https://docs.valentigamez.com/2357/_media/licencia-mecenas-gnomo.png,1263,2,,,,,,,1
Licencia Gnomo #1264,Licencia Gnomo #1264,https://docs.valentigamez.com/2357/_media/licencia-mecenas-gnomo.png,1264,2,,,,,,,1
Licencia Gnomo #1265,Licencia Gnomo #1265,https://docs.valentigamez.com/2357/_media/licencia-mecenas-gnomo.png,1265,2,,,,,,,1
Licencia Gnomo #1266,Licencia Gnomo #1266,https://docs.valentigamez.com/2357/_media/licencia-mecenas-gnomo.png,1266,2,,,,,,,1
Licencia Gnomo #1267,Licencia Gnomo #1267,https://docs.valentigamez.com/2357/_media/licencia-mecenas-gnomo.png,1267,2,,,,,,,1
Licencia Gnomo #1268,Licencia Gnomo #1268,https://docs.valentigamez.com/2357/_media/licencia-mecenas-gnomo.png,1268,2,,,,,,,1
Licencia Gnomo #1269,Licencia Gnomo #1269,https://docs.valentigamez.com/2357/_media/licencia-mecenas-gnomo.png,1269,2,,,,,,,1
Licencia Gnomo #1270,Licencia Gnomo #1270,https://docs.valentigamez.com/2357/_media/licencia-mecenas-gnomo.png,1270,2,,,,,,,1
Licencia Gnomo #1271,Licencia Gnomo #1271,https://docs.valentigamez.com/2357/_media/licencia-mecenas-gnomo.png,1271,2,,,,,,,1
Licencia Gnomo #1272,Licencia Gnomo #1272,https://docs.valentigamez.com/2357/_media/licencia-mecenas-gnomo.png,1272,2,,,,,,,1
Licencia Gnomo #1273,Licencia Gnomo #1273,https://docs.valentigamez.com/2357/_media/licencia-mecenas-gnomo.png,1273,2,,,,,,,1
Licencia Gnomo #1274,Licencia Gnomo #1274,https://docs.valentigamez.com/2357/_media/licencia-mecenas-gnomo.png,1274,2,,,,,,,1
Licencia Gnomo #1275,Licencia Gnomo #1275,https://docs.valentigamez.com/2357/_media/licencia-mecenas-gnomo.png,1275,2,,,,,,,1
Licencia Gnomo #1276,Licencia Gnomo #1276,https://docs.valentigamez.com/2357/_media/licencia-mecenas-gnomo.png,1276,2,,,,,,,1
Licencia Gnomo #1277,Licencia Gnomo #1277,https://docs.valentigamez.com/2357/_media/licencia-mecenas-gnomo.png,1277,2,,,,,,,1
Licencia Gnomo #1278,Licencia Gnomo #1278,https://docs.valentigamez.com/2357/_media/licencia-mecenas-gnomo.png,1278,2,,,,,,,1
Licencia Gnomo #1279,Licencia Gnomo #1279,https://docs.valentigamez.com/2357/_media/licencia-mecenas-gnomo.png,1279,2,,,,,,,1
Licencia Gnomo #1280,Licencia Gnomo #1280,https://docs.valentigamez.com/2357/_media/licencia-mecenas-gnomo.png,1280,2,,,,,,,1
Licencia Gnomo #1281,Licencia Gnomo #1281,https://docs.valentigamez.com/2357/_media/licencia-mecenas-gnomo.png,1281,2,,,,,,,1
Licencia Gnomo #1282,Licencia Gnomo #1282,https://docs.valentigamez.com/2357/_media/licencia-mecenas-gnomo.png,1282,2,,,,,,,1
Licencia Gnomo #1283,Licencia Gnomo #1283,https://docs.valentigamez.com/2357/_media/licencia-mecenas-gnomo.png,1283,2,,,,,,,1
Licencia Gnomo #1284,Licencia Gnomo #1284,https://docs.valentigamez.com/2357/_media/licencia-mecenas-gnomo.png,1284,2,,,,,,,1
Licencia Gnomo #1285,Licencia Gnomo #1285,https://docs.valentigamez.com/2357/_media/licencia-mecenas-gnomo.png,1285,2,,,,,,,1
Licencia Gnomo #1286,Licencia Gnomo #1286,https://docs.valentigamez.com/2357/_media/licencia-mecenas-gnomo.png,1286,2,,,,,,,1
Licencia Gnomo #1287,Licencia Gnomo #1287,https://docs.valentigamez.com/2357/_media/licencia-mecenas-gnomo.png,1287,2,,,,,,,1
Licencia Gnomo #1288,Licencia Gnomo #1288,https://docs.valentigamez.com/2357/_media/licencia-mecenas-gnomo.png,1288,2,,,,,,,1
Licencia Gnomo #1289,Licencia Gnomo #1289,https://docs.valentigamez.com/2357/_media/licencia-mecenas-gnomo.png,1289,2,,,,,,,1
Licencia Gnomo #1290,Licencia Gnomo #1290,https://docs.valentigamez.com/2357/_media/licencia-mecenas-gnomo.png,1290,2,,,,,,,1
Licencia Gnomo #1291,Licencia Gnomo #1291,https://docs.valentigamez.com/2357/_media/licencia-mecenas-gnomo.png,1291,2,,,,,,,1
Licencia Gnomo #1292,Licencia Gnomo #1292,https://docs.valentigamez.com/2357/_media/licencia-mecenas-gnomo.png,1292,2,,,,,,,1
Licencia Gnomo #1293,Licencia Gnomo #1293,https://docs.valentigamez.com/2357/_media/licencia-mecenas-gnomo.png,1293,2,,,,,,,1
Licencia Gnomo #1294,Licencia Gnomo #1294,https://docs.valentigamez.com/2357/_media/licencia-mecenas-gnomo.png,1294,2,,,,,,,1
Licencia Gnomo #1295,Licencia Gnomo #1295,https://docs.valentigamez.com/2357/_media/licencia-mecenas-gnomo.png,1295,2,,,,,,,1
Licencia Gnomo #1296,Licencia Gnomo #1296,https://docs.valentigamez.com/2357/_media/licencia-mecenas-gnomo.png,1296,2,,,,,,,1
Licencia Gnomo #1297,Licencia Gnomo #1297,https://docs.valentigamez.com/2357/_media/licencia-mecenas-gnomo.png,1297,2,,,,,,,1
Licencia Gnomo #1298,Licencia Gnomo #1298,https://docs.valentigamez.com/2357/_media/licencia-mecenas-gnomo.png,1298,2,,,,,,,1
Licencia Gnomo #1299,Licencia Gnomo #1299,https://docs.valentigamez.com/2357/_media/licencia-mecenas-gnomo.png,1299,2,,,,,,,1
Licencia Gnomo #1300,Licencia Gnomo #1300,https://docs.valentigamez.com/2357/_media/licencia-mecenas-gnomo.png,1300,2,,,,,,,1
Licencia Gnomo #1301,Licencia Gnomo #1301,https://docs.valentigamez.com/2357/_media/licencia-mecenas-gnomo.png,1301,2,,,,,,,1
Licencia Gnomo #1302,Licencia Gnomo #1302,https://docs.valentigamez.com/2357/_media/licencia-mecenas-gnomo.png,1302,2,,,,,,,1
Licencia Gnomo #1303,Licencia Gnomo #1303,https://docs.valentigamez.com/2357/_media/licencia-mecenas-gnomo.png,1303,2,,,,,,,1
Licencia Gnomo #1304,Licencia Gnomo #1304,https://docs.valentigamez.com/2357/_media/licencia-mecenas-gnomo.png,1304,2,,,,,,,1
Licencia Gnomo #1305,Licencia Gnomo #1305,https://docs.valentigamez.com/2357/_media/licencia-mecenas-gnomo.png,1305,2,,,,,,,1
Licencia Gnomo #1306,Licencia Gnomo #1306,https://docs.valentigamez.com/2357/_media/licencia-mecenas-gnomo.png,1306,2,,,,,,,1
Licencia Gnomo #1307,Licencia Gnomo #1307,https://docs.valentigamez.com/2357/_media/licencia-mecenas-gnomo.png,1307,2,,,,,,,1
Licencia Gnomo #1308,Licencia Gnomo #1308,https://docs.valentigamez.com/2357/_media/licencia-mecenas-gnomo.png,1308,2,,,,,,,1
Licencia Gnomo #1309,Licencia Gnomo #1309,https://docs.valentigamez.com/2357/_media/licencia-mecenas-gnomo.png,1309,2,,,,,,,1
Licencia Gnomo #1310,Licencia Gnomo #1310,https://docs.valentigamez.com/2357/_media/licencia-mecenas-gnomo.png,1310,2,,,,,,,1
Licencia Gnomo #1311,Licencia Gnomo #1311,https://docs.valentigamez.com/2357/_media/licencia-mecenas-gnomo.png,1311,2,,,,,,,1
Licencia Gnomo #1312,Licencia Gnomo #1312,https://docs.valentigamez.com/2357/_media/licencia-mecenas-gnomo.png,1312,2,,,,,,,1
Licencia Gnomo #1313,Licencia Gnomo #1313,https://docs.valentigamez.com/2357/_media/licencia-mecenas-gnomo.png,1313,2,,,,,,,1
Licencia Gnomo #1314,Licencia Gnomo #1314,https://docs.valentigamez.com/2357/_media/licencia-mecenas-gnomo.png,1314,2,,,,,,,1
Licencia Gnomo #1315,Licencia Gnomo #1315,https://docs.valentigamez.com/2357/_media/licencia-mecenas-gnomo.png,1315,2,,,,,,,1
Licencia Gnomo #1316,Licencia Gnomo #1316,https://docs.valentigamez.com/2357/_media/licencia-mecenas-gnomo.png,1316,2,,,,,,,1
Licencia Gnomo #1317,Licencia Gnomo #1317,https://docs.valentigamez.com/2357/_media/licencia-mecenas-gnomo.png,1317,2,,,,,,,1
Licencia Gnomo #1318,Licencia Gnomo #1318,https://docs.valentigamez.com/2357/_media/licencia-mecenas-gnomo.png,1318,2,,,,,,,1
Licencia Gnomo #1319,Licencia Gnomo #1319,https://docs.valentigamez.com/2357/_media/licencia-mecenas-gnomo.png,1319,2,,,,,,,1
Licencia Gnomo #1320,Licencia Gnomo #1320,https://docs.valentigamez.com/2357/_media/licencia-mecenas-gnomo.png,1320,2,,,,,,,1
Licencia Gnomo #1321,Licencia Gnomo #1321,https://docs.valentigamez.com/2357/_media/licencia-mecenas-gnomo.png,1321,2,,,,,,,1
Licencia Gnomo #1322,Licencia Gnomo #1322,https://docs.valentigamez.com/2357/_media/licencia-mecenas-gnomo.png,1322,2,,,,,,,1
Licencia Gnomo #1323,Licencia Gnomo #1323,https://docs.valentigamez.com/2357/_media/licencia-mecenas-gnomo.png,1323,2,,,,,,,1
Licencia Gnomo #1324,Licencia Gnomo #1324,https://docs.valentigamez.com/2357/_media/licencia-mecenas-gnomo.png,1324,2,,,,,,,1
Licencia Gnomo #1325,Licencia Gnomo #1325,https://docs.valentigamez.com/2357/_media/licencia-mecenas-gnomo.png,1325,2,,,,,,,1
Licencia Gnomo #1326,Licencia Gnomo #1326,https://docs.valentigamez.com/2357/_media/licencia-mecenas-gnomo.png,1326,2,,,,,,,1
Licencia Gnomo #1327,Licencia Gnomo #1327,https://docs.valentigamez.com/2357/_media/licencia-mecenas-gnomo.png,1327,2,,,,,,,1
Licencia Gnomo #1328,Licencia Gnomo #1328,https://docs.valentigamez.com/2357/_media/licencia-mecenas-gnomo.png,1328,2,,,,,,,1
Licencia Gnomo #1329,Licencia Gnomo #1329,https://docs.valentigamez.com/2357/_media/licencia-mecenas-gnomo.png,1329,2,,,,,,,1
Licencia Gnomo #1330,Licencia Gnomo #1330,https://docs.valentigamez.com/2357/_media/licencia-mecenas-gnomo.png,1330,2,,,,,,,1
Licencia Gnomo #1331,Licencia Gnomo #1331,https://docs.valentigamez.com/2357/_media/licencia-mecenas-gnomo.png,1331,2,,,,,,,1
Licencia Gnomo #1332,Licencia Gnomo #1332,https://docs.valentigamez.com/2357/_media/licencia-mecenas-gnomo.png,1332,2,,,,,,,1
Licencia Gnomo #1333,Licencia Gnomo #1333,https://docs.valentigamez.com/2357/_media/licencia-mecenas-gnomo.png,1333,2,,,,,,,1
Licencia Gnomo #1334,Licencia Gnomo #1334,https://docs.valentigamez.com/2357/_media/licencia-mecenas-gnomo.png,1334,2,,,,,,,1
Licencia Gnomo #1335,Licencia Gnomo #1335,https://docs.valentigamez.com/2357/_media/licencia-mecenas-gnomo.png,1335,2,,,,,,,1
Licencia Gnomo #1336,Licencia Gnomo #1336,https://docs.valentigamez.com/2357/_media/licencia-mecenas-gnomo.png,1336,2,,,,,,,1
Licencia Gnomo #1337,Licencia Gnomo #1337,https://docs.valentigamez.com/2357/_media/licencia-mecenas-gnomo.png,1337,2,,,,,,,1
Licencia Gnomo #1338,Licencia Gnomo #1338,https://docs.valentigamez.com/2357/_media/licencia-mecenas-gnomo.png,1338,2,,,,,,,1
Licencia Gnomo #1339,Licencia Gnomo #1339,https://docs.valentigamez.com/2357/_media/licencia-mecenas-gnomo.png,1339,2,,,,,,,1
Licencia Gnomo #1340,Licencia Gnomo #1340,https://docs.valentigamez.com/2357/_media/licencia-mecenas-gnomo.png,1340,2,,,,,,,1
Licencia Gnomo #1341,Licencia Gnomo #1341,https://docs.valentigamez.com/2357/_media/licencia-mecenas-gnomo.png,1341,2,,,,,,,1
Licencia Gnomo #1342,Licencia Gnomo #1342,https://docs.valentigamez.com/2357/_media/licencia-mecenas-gnomo.png,1342,2,,,,,,,1
Licencia Gnomo #1343,Licencia Gnomo #1343,https://docs.valentigamez.com/2357/_media/licencia-mecenas-gnomo.png,1343,2,,,,,,,1
Licencia Gnomo #1344,Licencia Gnomo #1344,https://docs.valentigamez.com/2357/_media/licencia-mecenas-gnomo.png,1344,2,,,,,,,1
Licencia Gnomo #1345,Licencia Gnomo #1345,https://docs.valentigamez.com/2357/_media/licencia-mecenas-gnomo.png,1345,2,,,,,,,1
Licencia Gnomo #1346,Licencia Gnomo #1346,https://docs.valentigamez.com/2357/_media/licencia-mecenas-gnomo.png,1346,2,,,,,,,1
Licencia Gnomo #1347,Licencia Gnomo #1347,https://docs.valentigamez.com/2357/_media/licencia-mecenas-gnomo.png,1347,2,,,,,,,1
Licencia Gnomo #1348,Licencia Gnomo #1348,https://docs.valentigamez.com/2357/_media/licencia-mecenas-gnomo.png,1348,2,,,,,,,1
Licencia Gnomo #1349,Licencia Gnomo #1349,https://docs.valentigamez.com/2357/_media/licencia-mecenas-gnomo.png,1349,2,,,,,,,1
Licencia Gnomo #1350,Licencia Gnomo #1350,https://docs.valentigamez.com/2357/_media/licencia-mecenas-gnomo.png,1350,2,,,,,,,1
Licencia Gnomo #1351,Licencia Gnomo #1351,https://docs.valentigamez.com/2357/_media/licencia-mecenas-gnomo.png,1351,2,,,,,,,1
Licencia Gnomo #1352,Licencia Gnomo #1352,https://docs.valentigamez.com/2357/_media/licencia-mecenas-gnomo.png,1352,2,,,,,,,1
Licencia Gnomo #1353,Licencia Gnomo #1353,https://docs.valentigamez.com/2357/_media/licencia-mecenas-gnomo.png,1353,2,,,,,,,1
Licencia Gnomo #1354,Licencia Gnomo #1354,https://docs.valentigamez.com/2357/_media/licencia-mecenas-gnomo.png,1354,2,,,,,,,1
Licencia Gnomo #1355,Licencia Gnomo #1355,https://docs.valentigamez.com/2357/_media/licencia-mecenas-gnomo.png,1355,2,,,,,,,1
Licencia Gnomo #1356,Licencia Gnomo #1356,https://docs.valentigamez.com/2357/_media/licencia-mecenas-gnomo.png,1356,2,,,,,,,1
Licencia Gnomo #1357,Licencia Gnomo #1357,https://docs.valentigamez.com/2357/_media/licencia-mecenas-gnomo.png,1357,2,,,,,,,1
Licencia Gnomo #1358,Licencia Gnomo #1358,https://docs.valentigamez.com/2357/_media/licencia-mecenas-gnomo.png,1358,2,,,,,,,1
Licencia Gnomo #1359,Licencia Gnomo #1359,https://docs.valentigamez.com/2357/_media/licencia-mecenas-gnomo.png,1359,2,,,,,,,1
Licencia Gnomo #1360,Licencia Gnomo #1360,https://docs.valentigamez.com/2357/_media/licencia-mecenas-gnomo.png,1360,2,,,,,,,1
Licencia Gnomo #1361,Licencia Gnomo #1361,https://docs.valentigamez.com/2357/_media/licencia-mecenas-gnomo.png,1361,2,,,,,,,1
Licencia Gnomo #1362,Licencia Gnomo #1362,https://docs.valentigamez.com/2357/_media/licencia-mecenas-gnomo.png,1362,2,,,,,,,1
Licencia Gnomo #1363,Licencia Gnomo #1363,https://docs.valentigamez.com/2357/_media/licencia-mecenas-gnomo.png,1363,2,,,,,,,1
Licencia Gnomo #1364,Licencia Gnomo #1364,https://docs.valentigamez.com/2357/_media/licencia-mecenas-gnomo.png,1364,2,,,,,,,1
Licencia Gnomo #1365,Licencia Gnomo #1365,https://docs.valentigamez.com/2357/_media/licencia-mecenas-gnomo.png,1365,2,,,,,,,1
Licencia Gnomo #1366,Licencia Gnomo #1366,https://docs.valentigamez.com/2357/_media/licencia-mecenas-gnomo.png,1366,2,,,,,,,1
Licencia Gnomo #1367,Licencia Gnomo #1367,https://docs.valentigamez.com/2357/_media/licencia-mecenas-gnomo.png,1367,2,,,,,,,1
Licencia Gnomo #1368,Licencia Gnomo #1368,https://docs.valentigamez.com/2357/_media/licencia-mecenas-gnomo.png,1368,2,,,,,,,1
Licencia Gnomo #1369,Licencia Gnomo #1369,https://docs.valentigamez.com/2357/_media/licencia-mecenas-gnomo.png,1369,2,,,,,,,1
Licencia Gnomo #1370,Licencia Gnomo #1370,https://docs.valentigamez.com/2357/_media/licencia-mecenas-gnomo.png,1370,2,,,,,,,1
Licencia Gnomo #1371,Licencia Gnomo #1371,https://docs.valentigamez.com/2357/_media/licencia-mecenas-gnomo.png,1371,2,,,,,,,1
Licencia Gnomo #1372,Licencia Gnomo #1372,https://docs.valentigamez.com/2357/_media/licencia-mecenas-gnomo.png,1372,2,,,,,,,1
Licencia Gnomo #1373,Licencia Gnomo #1373,https://docs.valentigamez.com/2357/_media/licencia-mecenas-gnomo.png,1373,2,,,,,,,1
Licencia Gnomo #1374,Licencia Gnomo #1374,https://docs.valentigamez.com/2357/_media/licencia-mecenas-gnomo.png,1374,2,,,,,,,1
Licencia Gnomo #1375,Licencia Gnomo #1375,https://docs.valentigamez.com/2357/_media/licencia-mecenas-gnomo.png,1375,2,,,,,,,1
Licencia Gnomo #1376,Licencia Gnomo #1376,https://docs.valentigamez.com/2357/_media/licencia-mecenas-gnomo.png,1376,2,,,,,,,1
Licencia Gnomo #1377,Licencia Gnomo #1377,https://docs.valentigamez.com/2357/_media/licencia-mecenas-gnomo.png,1377,2,,,,,,,1
Licencia Gnomo #1378,Licencia Gnomo #1378,https://docs.valentigamez.com/2357/_media/licencia-mecenas-gnomo.png,1378,2,,,,,,,1
Licencia Gnomo #1379,Licencia Gnomo #1379,https://docs.valentigamez.com/2357/_media/licencia-mecenas-gnomo.png,1379,2,,,,,,,1
Licencia Gnomo #1380,Licencia Gnomo #1380,https://docs.valentigamez.com/2357/_media/licencia-mecenas-gnomo.png,1380,2,,,,,,,1
Licencia Gnomo #1381,Licencia Gnomo #1381,https://docs.valentigamez.com/2357/_media/licencia-mecenas-gnomo.png,1381,2,,,,,,,1
Licencia Gnomo #1382,Licencia Gnomo #1382,https://docs.valentigamez.com/2357/_media/licencia-mecenas-gnomo.png,1382,2,,,,,,,1
Licencia Gnomo #1383,Licencia Gnomo #1383,https://docs.valentigamez.com/2357/_media/licencia-mecenas-gnomo.png,1383,2,,,,,,,1
Licencia Gnomo #1384,Licencia Gnomo #1384,https://docs.valentigamez.com/2357/_media/licencia-mecenas-gnomo.png,1384,2,,,,,,,1
Licencia Gnomo #1385,Licencia Gnomo #1385,https://docs.valentigamez.com/2357/_media/licencia-mecenas-gnomo.png,1385,2,,,,,,,1
Licencia Gnomo #1386,Licencia Gnomo #1386,https://docs.valentigamez.com/2357/_media/licencia-mecenas-gnomo.png,1386,2,,,,,,,1
Licencia Gnomo #1387,Licencia Gnomo #1387,https://docs.valentigamez.com/2357/_media/licencia-mecenas-gnomo.png,1387,2,,,,,,,1
Licencia Gnomo #1388,Licencia Gnomo #1388,https://docs.valentigamez.com/2357/_media/licencia-mecenas-gnomo.png,1388,2,,,,,,,1
Licencia Gnomo #1389,Licencia Gnomo #1389,https://docs.valentigamez.com/2357/_media/licencia-mecenas-gnomo.png,1389,2,,,,,,,1
Licencia Gnomo #1390,Licencia Gnomo #1390,https://docs.valentigamez.com/2357/_media/licencia-mecenas-gnomo.png,1390,2,,,,,,,1
Licencia Gnomo #1391,Licencia Gnomo #1391,https://docs.valentigamez.com/2357/_media/licencia-mecenas-gnomo.png,1391,2,,,,,,,1
Licencia Gnomo #1392,Licencia Gnomo #1392,https://docs.valentigamez.com/2357/_media/licencia-mecenas-gnomo.png,1392,2,,,,,,,1
Licencia Gnomo #1393,Licencia Gnomo #1393,https://docs.valentigamez.com/2357/_media/licencia-mecenas-gnomo.png,1393,2,,,,,,,1
Licencia Gnomo #1394,Licencia Gnomo #1394,https://docs.valentigamez.com/2357/_media/licencia-mecenas-gnomo.png,1394,2,,,,,,,1
Licencia Gnomo #1395,Licencia Gnomo #1395,https://docs.valentigamez.com/2357/_media/licencia-mecenas-gnomo.png,1395,2,,,,,,,1
Licencia Gnomo #1396,Licencia Gnomo #1396,https://docs.valentigamez.com/2357/_media/licencia-mecenas-gnomo.png,1396,2,,,,,,,1
Licencia Gnomo #1397,Licencia Gnomo #1397,https://docs.valentigamez.com/2357/_media/licencia-mecenas-gnomo.png,1397,2,,,,,,,1
Licencia Gnomo #1398,Licencia Gnomo #1398,https://docs.valentigamez.com/2357/_media/licencia-mecenas-gnomo.png,1398,2,,,,,,,1
Licencia Gnomo #1399,Licencia Gnomo #1399,https://docs.valentigamez.com/2357/_media/licencia-mecenas-gnomo.png,1399,2,,,,,,,1
Licencia Gnomo #1400,Licencia Gnomo #1400,https://docs.valentigamez.com/2357/_media/licencia-mecenas-gnomo.png,1400,2,,,,,,,1
Licencia Gnomo #1401,Licencia Gnomo #1401,https://docs.valentigamez.com/2357/_media/licencia-mecenas-gnomo.png,1401,2,,,,,,,1
Licencia Gnomo #1402,Licencia Gnomo #1402,https://docs.valentigamez.com/2357/_media/licencia-mecenas-gnomo.png,1402,2,,,,,,,1
Licencia Gnomo #1403,Licencia Gnomo #1403,https://docs.valentigamez.com/2357/_media/licencia-mecenas-gnomo.png,1403,2,,,,,,,1
Licencia Gnomo #1404,Licencia Gnomo #1404,https://docs.valentigamez.com/2357/_media/licencia-mecenas-gnomo.png,1404,2,,,,,,,1
Licencia Gnomo #1405,Licencia Gnomo #1405,https://docs.valentigamez.com/2357/_media/licencia-mecenas-gnomo.png,1405,2,,,,,,,1
Licencia Gnomo #1406,Licencia Gnomo #1406,https://docs.valentigamez.com/2357/_media/licencia-mecenas-gnomo.png,1406,2,,,,,,,1
Licencia Gnomo #1407,Licencia Gnomo #1407,https://docs.valentigamez.com/2357/_media/licencia-mecenas-gnomo.png,1407,2,,,,,,,1
Licencia Gnomo #1408,Licencia Gnomo #1408,https://docs.valentigamez.com/2357/_media/licencia-mecenas-gnomo.png,1408,2,,,,,,,1
Licencia Gnomo #1409,Licencia Gnomo #1409,https://docs.valentigamez.com/2357/_media/licencia-mecenas-gnomo.png,1409,2,,,,,,,1
Licencia Gnomo #1410,Licencia Gnomo #1410,https://docs.valentigamez.com/2357/_media/licencia-mecenas-gnomo.png,1410,2,,,,,,,1
Licencia Gnomo #1411,Licencia Gnomo #1411,https://docs.valentigamez.com/2357/_media/licencia-mecenas-gnomo.png,1411,2,,,,,,,1
Licencia Gnomo #1412,Licencia Gnomo #1412,https://docs.valentigamez.com/2357/_media/licencia-mecenas-gnomo.png,1412,2,,,,,,,1
Licencia Gnomo #1413,Licencia Gnomo #1413,https://docs.valentigamez.com/2357/_media/licencia-mecenas-gnomo.png,1413,2,,,,,,,1
Licencia Gnomo #1414,Licencia Gnomo #1414,https://docs.valentigamez.com/2357/_media/licencia-mecenas-gnomo.png,1414,2,,,,,,,1
Licencia Gnomo #1415,Licencia Gnomo #1415,https://docs.valentigamez.com/2357/_media/licencia-mecenas-gnomo.png,1415,2,,,,,,,1
Licencia Gnomo #1416,Licencia Gnomo #1416,https://docs.valentigamez.com/2357/_media/licencia-mecenas-gnomo.png,1416,2,,,,,,,1
Licencia Gnomo #1417,Licencia Gnomo #1417,https://docs.valentigamez.com/2357/_media/licencia-mecenas-gnomo.png,1417,2,,,,,,,1
Licencia Gnomo #1418,Licencia Gnomo #1418,https://docs.valentigamez.com/2357/_media/licencia-mecenas-gnomo.png,1418,2,,,,,,,1
Licencia Gnomo #1419,Licencia Gnomo #1419,https://docs.valentigamez.com/2357/_media/licencia-mecenas-gnomo.png,1419,2,,,,,,,1
Licencia Gnomo #1420,Licencia Gnomo #1420,https://docs.valentigamez.com/2357/_media/licencia-mecenas-gnomo.png,1420,2,,,,,,,1
Licencia Gnomo #1421,Licencia Gnomo #1421,https://docs.valentigamez.com/2357/_media/licencia-mecenas-gnomo.png,1421,2,,,,,,,1
Licencia Gnomo #1422,Licencia Gnomo #1422,https://docs.valentigamez.com/2357/_media/licencia-mecenas-gnomo.png,1422,2,,,,,,,1
Licencia Gnomo #1423,Licencia Gnomo #1423,https://docs.valentigamez.com/2357/_media/licencia-mecenas-gnomo.png,1423,2,,,,,,,1
Licencia Gnomo #1424,Licencia Gnomo #1424,https://docs.valentigamez.com/2357/_media/licencia-mecenas-gnomo.png,1424,2,,,,,,,1
Licencia Gnomo #1425,Licencia Gnomo #1425,https://docs.valentigamez.com/2357/_media/licencia-mecenas-gnomo.png,1425,2,,,,,,,1
Licencia Gnomo #1426,Licencia Gnomo #1426,https://docs.valentigamez.com/2357/_media/licencia-mecenas-gnomo.png,1426,2,,,,,,,1
Licencia Gnomo #1427,Licencia Gnomo #1427,https://docs.valentigamez.com/2357/_media/licencia-mecenas-gnomo.png,1427,2,,,,,,,1
Licencia Gnomo #1428,Licencia Gnomo #1428,https://docs.valentigamez.com/2357/_media/licencia-mecenas-gnomo.png,1428,2,,,,,,,1
Licencia Gnomo #1429,Licencia Gnomo #1429,https://docs.valentigamez.com/2357/_media/licencia-mecenas-gnomo.png,1429,2,,,,,,,1
Licencia Gnomo #1430,Licencia Gnomo #1430,https://docs.valentigamez.com/2357/_media/licencia-mecenas-gnomo.png,1430,2,,,,,,,1
Licencia Gnomo #1431,Licencia Gnomo #1431,https://docs.valentigamez.com/2357/_media/licencia-mecenas-gnomo.png,1431,2,,,,,,,1
Licencia Gnomo #1432,Licencia Gnomo #1432,https://docs.valentigamez.com/2357/_media/licencia-mecenas-gnomo.png,1432,2,,,,,,,1
Licencia Gnomo #1433,Licencia Gnomo #1433,https://docs.valentigamez.com/2357/_media/licencia-mecenas-gnomo.png,1433,2,,,,,,,1
Licencia Gnomo #1434,Licencia Gnomo #1434,https://docs.valentigamez.com/2357/_media/licencia-mecenas-gnomo.png,1434,2,,,,,,,1
Licencia Gnomo #1435,Licencia Gnomo #1435,https://docs.valentigamez.com/2357/_media/licencia-mecenas-gnomo.png,1435,2,,,,,,,1
Licencia Gnomo #1436,Licencia Gnomo #1436,https://docs.valentigamez.com/2357/_media/licencia-mecenas-gnomo.png,1436,2,,,,,,,1
Licencia Gnomo #1437,Licencia Gnomo #1437,https://docs.valentigamez.com/2357/_media/licencia-mecenas-gnomo.png,1437,2,,,,,,,1
Licencia Gnomo #1438,Licencia Gnomo #1438,https://docs.valentigamez.com/2357/_media/licencia-mecenas-gnomo.png,1438,2,,,,,,,1
Licencia Gnomo #1439,Licencia Gnomo #1439,https://docs.valentigamez.com/2357/_media/licencia-mecenas-gnomo.png,1439,2,,,,,,,1
Licencia Gnomo #1440,Licencia Gnomo #1440,https://docs.valentigamez.com/2357/_media/licencia-mecenas-gnomo.png,1440,2,,,,,,,1
Licencia Gnomo #1441,Licencia Gnomo #1441,https://docs.valentigamez.com/2357/_media/licencia-mecenas-gnomo.png,1441,2,,,,,,,1
Licencia Gnomo #1442,Licencia Gnomo #1442,https://docs.valentigamez.com/2357/_media/licencia-mecenas-gnomo.png,1442,2,,,,,,,1
Licencia Gnomo #1443,Licencia Gnomo #1443,https://docs.valentigamez.com/2357/_media/licencia-mecenas-gnomo.png,1443,2,,,,,,,1
Licencia Gnomo #1444,Licencia Gnomo #1444,https://docs.valentigamez.com/2357/_media/licencia-mecenas-gnomo.png,1444,2,,,,,,,1
Licencia Gnomo #1445,Licencia Gnomo #1445,https://docs.valentigamez.com/2357/_media/licencia-mecenas-gnomo.png,1445,2,,,,,,,1
Licencia Gnomo #1446,Licencia Gnomo #1446,https://docs.valentigamez.com/2357/_media/licencia-mecenas-gnomo.png,1446,2,,,,,,,1
Licencia Gnomo #1447,Licencia Gnomo #1447,https://docs.valentigamez.com/2357/_media/licencia-mecenas-gnomo.png,1447,2,,,,,,,1
Licencia Gnomo #1448,Licencia Gnomo #1448,https://docs.valentigamez.com/2357/_media/licencia-mecenas-gnomo.png,1448,2,,,,,,,1
Licencia Gnomo #1449,Licencia Gnomo #1449,https://docs.valentigamez.com/2357/_media/licencia-mecenas-gnomo.png,1449,2,,,,,,,1
Licencia Gnomo #1450,Licencia Gnomo #1450,https://docs.valentigamez.com/2357/_media/licencia-mecenas-gnomo.png,1450,2,,,,,,,1
Licencia Gnomo #1451,Licencia Gnomo #1451,https://docs.valentigamez.com/2357/_media/licencia-mecenas-gnomo.png,1451,2,,,,,,,1
Licencia Gnomo #1452,Licencia Gnomo #1452,https://docs.valentigamez.com/2357/_media/licencia-mecenas-gnomo.png,1452,2,,,,,,,1
Licencia Gnomo #1453,Licencia Gnomo #1453,https://docs.valentigamez.com/2357/_media/licencia-mecenas-gnomo.png,1453,2,,,,,,,1
Licencia Gnomo #1454,Licencia Gnomo #1454,https://docs.valentigamez.com/2357/_media/licencia-mecenas-gnomo.png,1454,2,,,,,,,1
Licencia Gnomo #1455,Licencia Gnomo #1455,https://docs.valentigamez.com/2357/_media/licencia-mecenas-gnomo.png,1455,2,,,,,,,1
Licencia Gnomo #1456,Licencia Gnomo #1456,https://docs.valentigamez.com/2357/_media/licencia-mecenas-gnomo.png,1456,2,,,,,,,1
Licencia Gnomo #1457,Licencia Gnomo #1457,https://docs.valentigamez.com/2357/_media/licencia-mecenas-gnomo.png,1457,2,,,,,,,1
Licencia Gnomo #1458,Licencia Gnomo #1458,https://docs.valentigamez.com/2357/_media/licencia-mecenas-gnomo.png,1458,2,,,,,,,1
Licencia Gnomo #1459,Licencia Gnomo #1459,https://docs.valentigamez.com/2357/_media/licencia-mecenas-gnomo.png,1459,2,,,,,,,1
Licencia Gnomo #1460,Licencia Gnomo #1460,https://docs.valentigamez.com/2357/_media/licencia-mecenas-gnomo.png,1460,2,,,,,,,1
Licencia Gnomo #1461,Licencia Gnomo #1461,https://docs.valentigamez.com/2357/_media/licencia-mecenas-gnomo.png,1461,2,,,,,,,1
Licencia Gnomo #1462,Licencia Gnomo #1462,https://docs.valentigamez.com/2357/_media/licencia-mecenas-gnomo.png,1462,2,,,,,,,1
Licencia Gnomo #1463,Licencia Gnomo #1463,https://docs.valentigamez.com/2357/_media/licencia-mecenas-gnomo.png,1463,2,,,,,,,1
Licencia Gnomo #1464,Licencia Gnomo #1464,https://docs.valentigamez.com/2357/_media/licencia-mecenas-gnomo.png,1464,2,,,,,,,1
Licencia Gnomo #1465,Licencia Gnomo #1465,https://docs.valentigamez.com/2357/_media/licencia-mecenas-gnomo.png,1465,2,,,,,,,1
Licencia Gnomo #1466,Licencia Gnomo #1466,https://docs.valentigamez.com/2357/_media/licencia-mecenas-gnomo.png,1466,2,,,,,,,1
Licencia Gnomo #1467,Licencia Gnomo #1467,https://docs.valentigamez.com/2357/_media/licencia-mecenas-gnomo.png,1467,2,,,,,,,1
Licencia Gnomo #1468,Licencia Gnomo #1468,https://docs.valentigamez.com/2357/_media/licencia-mecenas-gnomo.png,1468,2,,,,,,,1
Licencia Gnomo #1469,Licencia Gnomo #1469,https://docs.valentigamez.com/2357/_media/licencia-mecenas-gnomo.png,1469,2,,,,,,,1
Licencia Gnomo #1470,Licencia Gnomo #1470,https://docs.valentigamez.com/2357/_media/licencia-mecenas-gnomo.png,1470,2,,,,,,,1
Licencia Gnomo #1471,Licencia Gnomo #1471,https://docs.valentigamez.com/2357/_media/licencia-mecenas-gnomo.png,1471,2,,,,,,,1
Licencia Gnomo #1472,Licencia Gnomo #1472,https://docs.valentigamez.com/2357/_media/licencia-mecenas-gnomo.png,1472,2,,,,,,,1
Licencia Gnomo #1473,Licencia Gnomo #1473,https://docs.valentigamez.com/2357/_media/licencia-mecenas-gnomo.png,1473,2,,,,,,,1
Licencia Gnomo #1474,Licencia Gnomo #1474,https://docs.valentigamez.com/2357/_media/licencia-mecenas-gnomo.png,1474,2,,,,,,,1
Licencia Gnomo #1475,Licencia Gnomo #1475,https://docs.valentigamez.com/2357/_media/licencia-mecenas-gnomo.png,1475,2,,,,,,,1
Licencia Gnomo #1476,Licencia Gnomo #1476,https://docs.valentigamez.com/2357/_media/licencia-mecenas-gnomo.png,1476,2,,,,,,,1
Licencia Gnomo #1477,Licencia Gnomo #1477,https://docs.valentigamez.com/2357/_media/licencia-mecenas-gnomo.png,1477,2,,,,,,,1
Licencia Gnomo #1478,Licencia Gnomo #1478,https://docs.valentigamez.com/2357/_media/licencia-mecenas-gnomo.png,1478,2,,,,,,,1
Licencia Gnomo #1479,Licencia Gnomo #1479,https://docs.valentigamez.com/2357/_media/licencia-mecenas-gnomo.png,1479,2,,,,,,,1
Licencia Gnomo #1480,Licencia Gnomo #1480,https://docs.valentigamez.com/2357/_media/licencia-mecenas-gnomo.png,1480,2,,,,,,,1
Licencia Gnomo #1481,Licencia Gnomo #1481,https://docs.valentigamez.com/2357/_media/licencia-mecenas-gnomo.png,1481,2,,,,,,,1
Licencia Gnomo #1482,Licencia Gnomo #1482,https://docs.valentigamez.com/2357/_media/licencia-mecenas-gnomo.png,1482,2,,,,,,,1
Licencia Gnomo #1483,Licencia Gnomo #1483,https://docs.valentigamez.com/2357/_media/licencia-mecenas-gnomo.png,1483,2,,,,,,,1
Licencia Gnomo #1484,Licencia Gnomo #1484,https://docs.valentigamez.com/2357/_media/licencia-mecenas-gnomo.png,1484,2,,,,,,,1
Licencia Gnomo #1485,Licencia Gnomo #1485,https://docs.valentigamez.com/2357/_media/licencia-mecenas-gnomo.png,1485,2,,,,,,,1
Licencia Gnomo #1486,Licencia Gnomo #1486,https://docs.valentigamez.com/2357/_media/licencia-mecenas-gnomo.png,1486,2,,,,,,,1
Licencia Gnomo #1487,Licencia Gnomo #1487,https://docs.valentigamez.com/2357/_media/licencia-mecenas-gnomo.png,1487,2,,,,,,,1
Licencia Gnomo #1488,Licencia Gnomo #1488,https://docs.valentigamez.com/2357/_media/licencia-mecenas-gnomo.png,1488,2,,,,,,,1
Licencia Gnomo #1489,Licencia Gnomo #1489,https://docs.valentigamez.com/2357/_media/licencia-mecenas-gnomo.png,1489,2,,,,,,,1
Licencia Gnomo #1490,Licencia Gnomo #1490,https://docs.valentigamez.com/2357/_media/licencia-mecenas-gnomo.png,1490,2,,,,,,,1
Licencia Gnomo #1491,Licencia Gnomo #1491,https://docs.valentigamez.com/2357/_media/licencia-mecenas-gnomo.png,1491,2,,,,,,,1
Licencia Gnomo #1492,Licencia Gnomo #1492,https://docs.valentigamez.com/2357/_media/licencia-mecenas-gnomo.png,1492,2,,,,,,,1
Licencia Gnomo #1493,Licencia Gnomo #1493,https://docs.valentigamez.com/2357/_media/licencia-mecenas-gnomo.png,1493,2,,,,,,,1
Licencia Gnomo #1494,Licencia Gnomo #1494,https://docs.valentigamez.com/2357/_media/licencia-mecenas-gnomo.png,1494,2,,,,,,,1
Licencia Gnomo #1495,Licencia Gnomo #1495,https://docs.valentigamez.com/2357/_media/licencia-mecenas-gnomo.png,1495,2,,,,,,,1
Licencia Gnomo #1496,Licencia Gnomo #1496,https://docs.valentigamez.com/2357/_media/licencia-mecenas-gnomo.png,1496,2,,,,,,,1
Licencia Gnomo #1497,Licencia Gnomo #1497,https://docs.valentigamez.com/2357/_media/licencia-mecenas-gnomo.png,1497,2,,,,,,,1
Licencia Gnomo #1498,Licencia Gnomo #1498,https://docs.valentigamez.com/2357/_media/licencia-mecenas-gnomo.png,1498,2,,,,,,,1
Licencia Gnomo #1499,Licencia Gnomo #1499,https://docs.valentigamez.com/2357/_media/licencia-mecenas-gnomo.png,1499,2,,,,,,,1
Licencia Gnomo #1500,Licencia Gnomo #1500,https://docs.valentigamez.com/2357/_media/licencia-mecenas-gnomo.png,1500,2,,,,,,,1
Licencia Gnomo #1501,Licencia Gnomo #1501,https://docs.valentigamez.com/2357/_media/licencia-mecenas-gnomo.png,1501,2,,,,,,,1
Licencia Gnomo #1502,Licencia Gnomo #1502,https://docs.valentigamez.com/2357/_media/licencia-mecenas-gnomo.png,1502,2,,,,,,,1
Licencia Gnomo #1503,Licencia Gnomo #1503,https://docs.valentigamez.com/2357/_media/licencia-mecenas-gnomo.png,1503,2,,,,,,,1
Licencia Gnomo #1504,Licencia Gnomo #1504,https://docs.valentigamez.com/2357/_media/licencia-mecenas-gnomo.png,1504,2,,,,,,,1
Licencia Gnomo #1505,Licencia Gnomo #1505,https://docs.valentigamez.com/2357/_media/licencia-mecenas-gnomo.png,1505,2,,,,,,,1
Licencia Gnomo #1506,Licencia Gnomo #1506,https://docs.valentigamez.com/2357/_media/licencia-mecenas-gnomo.png,1506,2,,,,,,,1
Licencia Gnomo #1507,Licencia Gnomo #1507,https://docs.valentigamez.com/2357/_media/licencia-mecenas-gnomo.png,1507,2,,,,,,,1
Licencia Gnomo #1508,Licencia Gnomo #1508,https://docs.valentigamez.com/2357/_media/licencia-mecenas-gnomo.png,1508,2,,,,,,,1
Licencia Gnomo #1509,Licencia Gnomo #1509,https://docs.valentigamez.com/2357/_media/licencia-mecenas-gnomo.png,1509,2,,,,,,,1
Licencia Gnomo #1510,Licencia Gnomo #1510,https://docs.valentigamez.com/2357/_media/licencia-mecenas-gnomo.png,1510,2,,,,,,,1
Licencia Gnomo #1511,Licencia Gnomo #1511,https://docs.valentigamez.com/2357/_media/licencia-mecenas-gnomo.png,1511,2,,,,,,,1
Licencia Gnomo #1512,Licencia Gnomo #1512,https://docs.valentigamez.com/2357/_media/licencia-mecenas-gnomo.png,1512,2,,,,,,,1
Licencia Gnomo #1513,Licencia Gnomo #1513,https://docs.valentigamez.com/2357/_media/licencia-mecenas-gnomo.png,1513,2,,,,,,,1
Licencia Gnomo #1514,Licencia Gnomo #1514,https://docs.valentigamez.com/2357/_media/licencia-mecenas-gnomo.png,1514,2,,,,,,,1
Licencia Gnomo #1515,Licencia Gnomo #1515,https://docs.valentigamez.com/2357/_media/licencia-mecenas-gnomo.png,1515,2,,,,,,,1
Licencia Gnomo #1516,Licencia Gnomo #1516,https://docs.valentigamez.com/2357/_media/licencia-mecenas-gnomo.png,1516,2,,,,,,,1
Licencia Gnomo #1517,Licencia Gnomo #1517,https://docs.valentigamez.com/2357/_media/licencia-mecenas-gnomo.png,1517,2,,,,,,,1
Licencia Gnomo #1518,Licencia Gnomo #1518,https://docs.valentigamez.com/2357/_media/licencia-mecenas-gnomo.png,1518,2,,,,,,,1
Licencia Gnomo #1519,Licencia Gnomo #1519,https://docs.valentigamez.com/2357/_media/licencia-mecenas-gnomo.png,1519,2,,,,,,,1
Licencia Gnomo #1520,Licencia Gnomo #1520,https://docs.valentigamez.com/2357/_media/licencia-mecenas-gnomo.png,1520,2,,,,,,,1
Licencia Gnomo #1521,Licencia Gnomo #1521,https://docs.valentigamez.com/2357/_media/licencia-mecenas-gnomo.png,1521,2,,,,,,,1
Licencia Gnomo #1522,Licencia Gnomo #1522,https://docs.valentigamez.com/2357/_media/licencia-mecenas-gnomo.png,1522,2,,,,,,,1
Licencia Gnomo #1523,Licencia Gnomo #1523,https://docs.valentigamez.com/2357/_media/licencia-mecenas-gnomo.png,1523,2,,,,,,,1
Licencia Gnomo #1524,Licencia Gnomo #1524,https://docs.valentigamez.com/2357/_media/licencia-mecenas-gnomo.png,1524,2,,,,,,,1
Licencia Gnomo #1525,Licencia Gnomo #1525,https://docs.valentigamez.com/2357/_media/licencia-mecenas-gnomo.png,1525,2,,,,,,,1
Licencia Gnomo #1526,Licencia Gnomo #1526,https://docs.valentigamez.com/2357/_media/licencia-mecenas-gnomo.png,1526,2,,,,,,,1
Licencia Gnomo #1527,Licencia Gnomo #1527,https://docs.valentigamez.com/2357/_media/licencia-mecenas-gnomo.png,1527,2,,,,,,,1
Licencia Gnomo #1528,Licencia Gnomo #1528,https://docs.valentigamez.com/2357/_media/licencia-mecenas-gnomo.png,1528,2,,,,,,,1
Licencia Gnomo #1529,Licencia Gnomo #1529,https://docs.valentigamez.com/2357/_media/licencia-mecenas-gnomo.png,1529,2,,,,,,,1
Licencia Gnomo #1530,Licencia Gnomo #1530,https://docs.valentigamez.com/2357/_media/licencia-mecenas-gnomo.png,1530,2,,,,,,,1
Licencia Gnomo #1531,Licencia Gnomo #1531,https://docs.valentigamez.com/2357/_media/licencia-mecenas-gnomo.png,1531,2,,,,,,,1
Licencia Gnomo #1532,Licencia Gnomo #1532,https://docs.valentigamez.com/2357/_media/licencia-mecenas-gnomo.png,1532,2,,,,,,,1
Licencia Gnomo #1533,Licencia Gnomo #1533,https://docs.valentigamez.com/2357/_media/licencia-mecenas-gnomo.png,1533,2,,,,,,,1
Licencia Gnomo #1534,Licencia Gnomo #1534,https://docs.valentigamez.com/2357/_media/licencia-mecenas-gnomo.png,1534,2,,,,,,,1
Licencia Gnomo #1535,Licencia Gnomo #1535,https://docs.valentigamez.com/2357/_media/licencia-mecenas-gnomo.png,1535,2,,,,,,,1
Licencia Gnomo #1536,Licencia Gnomo #1536,https://docs.valentigamez.com/2357/_media/licencia-mecenas-gnomo.png,1536,2,,,,,,,1
Licencia Gnomo #1537,Licencia Gnomo #1537,https://docs.valentigamez.com/2357/_media/licencia-mecenas-gnomo.png,1537,2,,,,,,,1
Licencia Gnomo #1538,Licencia Gnomo #1538,https://docs.valentigamez.com/2357/_media/licencia-mecenas-gnomo.png,1538,2,,,,,,,1
Licencia Gnomo #1539,Licencia Gnomo #1539,https://docs.valentigamez.com/2357/_media/licencia-mecenas-gnomo.png,1539,2,,,,,,,1
Licencia Gnomo #1540,Licencia Gnomo #1540,https://docs.valentigamez.com/2357/_media/licencia-mecenas-gnomo.png,1540,2,,,,,,,1
Licencia Gnomo #1541,Licencia Gnomo #1541,https://docs.valentigamez.com/2357/_media/licencia-mecenas-gnomo.png,1541,2,,,,,,,1
Licencia Gnomo #1542,Licencia Gnomo #1542,https://docs.valentigamez.com/2357/_media/licencia-mecenas-gnomo.png,1542,2,,,,,,,1
Licencia Gnomo #1543,Licencia Gnomo #1543,https://docs.valentigamez.com/2357/_media/licencia-mecenas-gnomo.png,1543,2,,,,,,,1
Licencia Gnomo #1544,Licencia Gnomo #1544,https://docs.valentigamez.com/2357/_media/licencia-mecenas-gnomo.png,1544,2,,,,,,,1
Licencia Gnomo #1545,Licencia Gnomo #1545,https://docs.valentigamez.com/2357/_media/licencia-mecenas-gnomo.png,1545,2,,,,,,,1
Licencia Gnomo #1546,Licencia Gnomo #1546,https://docs.valentigamez.com/2357/_media/licencia-mecenas-gnomo.png,1546,2,,,,,,,1
Licencia Gnomo #1547,Licencia Gnomo #1547,https://docs.valentigamez.com/2357/_media/licencia-mecenas-gnomo.png,1547,2,,,,,,,1
Licencia Gnomo #1548,Licencia Gnomo #1548,https://docs.valentigamez.com/2357/_media/licencia-mecenas-gnomo.png,1548,2,,,,,,,1
Licencia Gnomo #1549,Licencia Gnomo #1549,https://docs.valentigamez.com/2357/_media/licencia-mecenas-gnomo.png,1549,2,,,,,,,1
Licencia Gnomo #1550,Licencia Gnomo #1550,https://docs.valentigamez.com/2357/_media/licencia-mecenas-gnomo.png,1550,2,,,,,,,1
Licencia Gnomo #1551,Licencia Gnomo #1551,https://docs.valentigamez.com/2357/_media/licencia-mecenas-gnomo.png,1551,2,,,,,,,1
Licencia Gnomo #1552,Licencia Gnomo #1552,https://docs.valentigamez.com/2357/_media/licencia-mecenas-gnomo.png,1552,2,,,,,,,1
Licencia Gnomo #1553,Licencia Gnomo #1553,https://docs.valentigamez.com/2357/_media/licencia-mecenas-gnomo.png,1553,2,,,,,,,1
Licencia Gnomo #1554,Licencia Gnomo #1554,https://docs.valentigamez.com/2357/_media/licencia-mecenas-gnomo.png,1554,2,,,,,,,1
Licencia Gnomo #1555,Licencia Gnomo #1555,https://docs.valentigamez.com/2357/_media/licencia-mecenas-gnomo.png,1555,2,,,,,,,1
Licencia Gnomo #1556,Licencia Gnomo #1556,https://docs.valentigamez.com/2357/_media/licencia-mecenas-gnomo.png,1556,2,,,,,,,1
Licencia Gnomo #1557,Licencia Gnomo #1557,https://docs.valentigamez.com/2357/_media/licencia-mecenas-gnomo.png,1557,2,,,,,,,1
Licencia Gnomo #1558,Licencia Gnomo #1558,https://docs.valentigamez.com/2357/_media/licencia-mecenas-gnomo.png,1558,2,,,,,,,1
Licencia Gnomo #1559,Licencia Gnomo #1559,https://docs.valentigamez.com/2357/_media/licencia-mecenas-gnomo.png,1559,2,,,,,,,1
Licencia Gnomo #1560,Licencia Gnomo #1560,https://docs.valentigamez.com/2357/_media/licencia-mecenas-gnomo.png,1560,2,,,,,,,1
Licencia Gnomo #1561,Licencia Gnomo #1561,https://docs.valentigamez.com/2357/_media/licencia-mecenas-gnomo.png,1561,2,,,,,,,1
Licencia Gnomo #1562,Licencia Gnomo #1562,https://docs.valentigamez.com/2357/_media/licencia-mecenas-gnomo.png,1562,2,,,,,,,1
Licencia Gnomo #1563,Licencia Gnomo #1563,https://docs.valentigamez.com/2357/_media/licencia-mecenas-gnomo.png,1563,2,,,,,,,1
Licencia Gnomo #1564,Licencia Gnomo #1564,https://docs.valentigamez.com/2357/_media/licencia-mecenas-gnomo.png,1564,2,,,,,,,1
Licencia Gnomo #1565,Licencia Gnomo #1565,https://docs.valentigamez.com/2357/_media/licencia-mecenas-gnomo.png,1565,2,,,,,,,1
Licencia Gnomo #1566,Licencia Gnomo #1566,https://docs.valentigamez.com/2357/_media/licencia-mecenas-gnomo.png,1566,2,,,,,,,1
Licencia Gnomo #1567,Licencia Gnomo #1567,https://docs.valentigamez.com/2357/_media/licencia-mecenas-gnomo.png,1567,2,,,,,,,1
Licencia Gnomo #1568,Licencia Gnomo #1568,https://docs.valentigamez.com/2357/_media/licencia-mecenas-gnomo.png,1568,2,,,,,,,1
Licencia Gnomo #1569,Licencia Gnomo #1569,https://docs.valentigamez.com/2357/_media/licencia-mecenas-gnomo.png,1569,2,,,,,,,1
Licencia Gnomo #1570,Licencia Gnomo #1570,https://docs.valentigamez.com/2357/_media/licencia-mecenas-gnomo.png,1570,2,,,,,,,1
Licencia Gnomo #1571,Licencia Gnomo #1571,https://docs.valentigamez.com/2357/_media/licencia-mecenas-gnomo.png,1571,2,,,,,,,1
Licencia Gnomo #1572,Licencia Gnomo #1572,https://docs.valentigamez.com/2357/_media/licencia-mecenas-gnomo.png,1572,2,,,,,,,1
Licencia Gnomo #1573,Licencia Gnomo #1573,https://docs.valentigamez.com/2357/_media/licencia-mecenas-gnomo.png,1573,2,,,,,,,1
Licencia Gnomo #1574,Licencia Gnomo #1574,https://docs.valentigamez.com/2357/_media/licencia-mecenas-gnomo.png,1574,2,,,,,,,1
Licencia Gnomo #1575,Licencia Gnomo #1575,https://docs.valentigamez.com/2357/_media/licencia-mecenas-gnomo.png,1575,2,,,,,,,1
Licencia Gnomo #1576,Licencia Gnomo #1576,https://docs.valentigamez.com/2357/_media/licencia-mecenas-gnomo.png,1576,2,,,,,,,1
Licencia Gnomo #1577,Licencia Gnomo #1577,https://docs.valentigamez.com/2357/_media/licencia-mecenas-gnomo.png,1577,2,,,,,,,1
Licencia Gnomo #1578,Licencia Gnomo #1578,https://docs.valentigamez.com/2357/_media/licencia-mecenas-gnomo.png,1578,2,,,,,,,1
Licencia Gnomo #1579,Licencia Gnomo #1579,https://docs.valentigamez.com/2357/_media/licencia-mecenas-gnomo.png,1579,2,,,,,,,1
Licencia Gnomo #1580,Licencia Gnomo #1580,https://docs.valentigamez.com/2357/_media/licencia-mecenas-gnomo.png,1580,2,,,,,,,1
Licencia Gnomo #1581,Licencia Gnomo #1581,https://docs.valentigamez.com/2357/_media/licencia-mecenas-gnomo.png,1581,2,,,,,,,1
Licencia Gnomo #1582,Licencia Gnomo #1582,https://docs.valentigamez.com/2357/_media/licencia-mecenas-gnomo.png,1582,2,,,,,,,1
Licencia Gnomo #1583,Licencia Gnomo #1583,https://docs.valentigamez.com/2357/_media/licencia-mecenas-gnomo.png,1583,2,,,,,,,1
Licencia Gnomo #1584,Licencia Gnomo #1584,https://docs.valentigamez.com/2357/_media/licencia-mecenas-gnomo.png,1584,2,,,,,,,1
Licencia Gnomo #1585,Licencia Gnomo #1585,https://docs.valentigamez.com/2357/_media/licencia-mecenas-gnomo.png,1585,2,,,,,,,1
Licencia Gnomo #1586,Licencia Gnomo #1586,https://docs.valentigamez.com/2357/_media/licencia-mecenas-gnomo.png,1586,2,,,,,,,1
Licencia Gnomo #1587,Licencia Gnomo #1587,https://docs.valentigamez.com/2357/_media/licencia-mecenas-gnomo.png,1587,2,,,,,,,1
Licencia Gnomo #1588,Licencia Gnomo #1588,https://docs.valentigamez.com/2357/_media/licencia-mecenas-gnomo.png,1588,2,,,,,,,1
Licencia Gnomo #1589,Licencia Gnomo #1589,https://docs.valentigamez.com/2357/_media/licencia-mecenas-gnomo.png,1589,2,,,,,,,1
Licencia Gnomo #1590,Licencia Gnomo #1590,https://docs.valentigamez.com/2357/_media/licencia-mecenas-gnomo.png,1590,2,,,,,,,1
Licencia Gnomo #1591,Licencia Gnomo #1591,https://docs.valentigamez.com/2357/_media/licencia-mecenas-gnomo.png,1591,2,,,,,,,1
Licencia Gnomo #1592,Licencia Gnomo #1592,https://docs.valentigamez.com/2357/_media/licencia-mecenas-gnomo.png,1592,2,,,,,,,1
Licencia Gnomo #1593,Licencia Gnomo #1593,https://docs.valentigamez.com/2357/_media/licencia-mecenas-gnomo.png,1593,2,,,,,,,1
Licencia Gnomo #1594,Licencia Gnomo #1594,https://docs.valentigamez.com/2357/_media/licencia-mecenas-gnomo.png,1594,2,,,,,,,1
Licencia Gnomo #1595,Licencia Gnomo #1595,https://docs.valentigamez.com/2357/_media/licencia-mecenas-gnomo.png,1595,2,,,,,,,1
Licencia Gnomo #1596,Licencia Gnomo #1596,https://docs.valentigamez.com/2357/_media/licencia-mecenas-gnomo.png,1596,2,,,,,,,1
Licencia Gnomo #1597,Licencia Gnomo #1597,https://docs.valentigamez.com/2357/_media/licencia-mecenas-gnomo.png,1597,2,,,,,,,1
Licencia Gnomo #1598,Licencia Gnomo #1598,https://docs.valentigamez.com/2357/_media/licencia-mecenas-gnomo.png,1598,2,,,,,,,1
Licencia Gnomo #1599,Licencia Gnomo #1599,https://docs.valentigamez.com/2357/_media/licencia-mecenas-gnomo.png,1599,2,,,,,,,1
Licencia Gnomo #1600,Licencia Gnomo #1600,https://docs.valentigamez.com/2357/_media/licencia-mecenas-gnomo.png,1600,2,,,,,,,1
Licencia Gnomo #1601,Licencia Gnomo #1601,https://docs.valentigamez.com/2357/_media/licencia-mecenas-gnomo.png,1601,2,,,,,,,1
Licencia Gnomo #1602,Licencia Gnomo #1602,https://docs.valentigamez.com/2357/_media/licencia-mecenas-gnomo.png,1602,2,,,,,,,1
Licencia Gnomo #1603,Licencia Gnomo #1603,https://docs.valentigamez.com/2357/_media/licencia-mecenas-gnomo.png,1603,2,,,,,,,1
Licencia Gnomo #1604,Licencia Gnomo #1604,https://docs.valentigamez.com/2357/_media/licencia-mecenas-gnomo.png,1604,2,,,,,,,1
Licencia Gnomo #1605,Licencia Gnomo #1605,https://docs.valentigamez.com/2357/_media/licencia-mecenas-gnomo.png,1605,2,,,,,,,1
Licencia Gnomo #1606,Licencia Gnomo #1606,https://docs.valentigamez.com/2357/_media/licencia-mecenas-gnomo.png,1606,2,,,,,,,1
Licencia Gnomo #1607,Licencia Gnomo #1607,https://docs.valentigamez.com/2357/_media/licencia-mecenas-gnomo.png,1607,2,,,,,,,1
Licencia Gnomo #1608,Licencia Gnomo #1608,https://docs.valentigamez.com/2357/_media/licencia-mecenas-gnomo.png,1608,2,,,,,,,1
Licencia Gnomo #1609,Licencia Gnomo #1609,https://docs.valentigamez.com/2357/_media/licencia-mecenas-gnomo.png,1609,2,,,,,,,1
Licencia Gnomo #1610,Licencia Gnomo #1610,https://docs.valentigamez.com/2357/_media/licencia-mecenas-gnomo.png,1610,2,,,,,,,1
Licencia Gnomo #1611,Licencia Gnomo #1611,https://docs.valentigamez.com/2357/_media/licencia-mecenas-gnomo.png,1611,2,,,,,,,1
Licencia Gnomo #1612,Licencia Gnomo #1612,https://docs.valentigamez.com/2357/_media/licencia-mecenas-gnomo.png,1612,2,,,,,,,1
Licencia Gnomo #1613,Licencia Gnomo #1613,https://docs.valentigamez.com/2357/_media/licencia-mecenas-gnomo.png,1613,2,,,,,,,1
Licencia Gnomo #1614,Licencia Gnomo #1614,https://docs.valentigamez.com/2357/_media/licencia-mecenas-gnomo.png,1614,2,,,,,,,1
Licencia Gnomo #1615,Licencia Gnomo #1615,https://docs.valentigamez.com/2357/_media/licencia-mecenas-gnomo.png,1615,2,,,,,,,1
Licencia Gnomo #1616,Licencia Gnomo #1616,https://docs.valentigamez.com/2357/_media/licencia-mecenas-gnomo.png,1616,2,,,,,,,1
Licencia Gnomo #1617,Licencia Gnomo #1617,https://docs.valentigamez.com/2357/_media/licencia-mecenas-gnomo.png,1617,2,,,,,,,1
Licencia Gnomo #1618,Licencia Gnomo #1618,https://docs.valentigamez.com/2357/_media/licencia-mecenas-gnomo.png,1618,2,,,,,,,1
Licencia Gnomo #1619,Licencia Gnomo #1619,https://docs.valentigamez.com/2357/_media/licencia-mecenas-gnomo.png,1619,2,,,,,,,1
Licencia Gnomo #1620,Licencia Gnomo #1620,https://docs.valentigamez.com/2357/_media/licencia-mecenas-gnomo.png,1620,2,,,,,,,1
Licencia Gnomo #1621,Licencia Gnomo #1621,https://docs.valentigamez.com/2357/_media/licencia-mecenas-gnomo.png,1621,2,,,,,,,1
Licencia Gnomo #1622,Licencia Gnomo #1622,https://docs.valentigamez.com/2357/_media/licencia-mecenas-gnomo.png,1622,2,,,,,,,1
Licencia Gnomo #1623,Licencia Gnomo #1623,https://docs.valentigamez.com/2357/_media/licencia-mecenas-gnomo.png,1623,2,,,,,,,1
Licencia Gnomo #1624,Licencia Gnomo #1624,https://docs.valentigamez.com/2357/_media/licencia-mecenas-gnomo.png,1624,2,,,,,,,1
Licencia Gnomo #1625,Licencia Gnomo #1625,https://docs.valentigamez.com/2357/_media/licencia-mecenas-gnomo.png,1625,2,,,,,,,1
Licencia Gnomo #1626,Licencia Gnomo #1626,https://docs.valentigamez.com/2357/_media/licencia-mecenas-gnomo.png,1626,2,,,,,,,1
Licencia Gnomo #1627,Licencia Gnomo #1627,https://docs.valentigamez.com/2357/_media/licencia-mecenas-gnomo.png,1627,2,,,,,,,1
Licencia Gnomo #1628,Licencia Gnomo #1628,https://docs.valentigamez.com/2357/_media/licencia-mecenas-gnomo.png,1628,2,,,,,,,1
Licencia Gnomo #1629,Licencia Gnomo #1629,https://docs.valentigamez.com/2357/_media/licencia-mecenas-gnomo.png,1629,2,,,,,,,1
Licencia Gnomo #1630,Licencia Gnomo #1630,https://docs.valentigamez.com/2357/_media/licencia-mecenas-gnomo.png,1630,2,,,,,,,1
Licencia Gnomo #1631,Licencia Gnomo #1631,https://docs.valentigamez.com/2357/_media/licencia-mecenas-gnomo.png,1631,2,,,,,,,1
Licencia Gnomo #1632,Licencia Gnomo #1632,https://docs.valentigamez.com/2357/_media/licencia-mecenas-gnomo.png,1632,2,,,,,,,1
Licencia Gnomo #1633,Licencia Gnomo #1633,https://docs.valentigamez.com/2357/_media/licencia-mecenas-gnomo.png,1633,2,,,,,,,1
Licencia Gnomo #1634,Licencia Gnomo #1634,https://docs.valentigamez.com/2357/_media/licencia-mecenas-gnomo.png,1634,2,,,,,,,1
Licencia Gnomo #1635,Licencia Gnomo #1635,https://docs.valentigamez.com/2357/_media/licencia-mecenas-gnomo.png,1635,2,,,,,,,1
Licencia Gnomo #1636,Licencia Gnomo #1636,https://docs.valentigamez.com/2357/_media/licencia-mecenas-gnomo.png,1636,2,,,,,,,1
Licencia Gnomo #1637,Licencia Gnomo #1637,https://docs.valentigamez.com/2357/_media/licencia-mecenas-gnomo.png,1637,2,,,,,,,1
Licencia Gnomo #1638,Licencia Gnomo #1638,https://docs.valentigamez.com/2357/_media/licencia-mecenas-gnomo.png,1638,2,,,,,,,1
Licencia Gnomo #1639,Licencia Gnomo #1639,https://docs.valentigamez.com/2357/_media/licencia-mecenas-gnomo.png,1639,2,,,,,,,1
Licencia Gnomo #1640,Licencia Gnomo #1640,https://docs.valentigamez.com/2357/_media/licencia-mecenas-gnomo.png,1640,2,,,,,,,1
Licencia Gnomo #1641,Licencia Gnomo #1641,https://docs.valentigamez.com/2357/_media/licencia-mecenas-gnomo.png,1641,2,,,,,,,1
Licencia Gnomo #1642,Licencia Gnomo #1642,https://docs.valentigamez.com/2357/_media/licencia-mecenas-gnomo.png,1642,2,,,,,,,1
Licencia Gnomo #1643,Licencia Gnomo #1643,https://docs.valentigamez.com/2357/_media/licencia-mecenas-gnomo.png,1643,2,,,,,,,1
Licencia Gnomo #1644,Licencia Gnomo #1644,https://docs.valentigamez.com/2357/_media/licencia-mecenas-gnomo.png,1644,2,,,,,,,1
Licencia Gnomo #1645,Licencia Gnomo #1645,https://docs.valentigamez.com/2357/_media/licencia-mecenas-gnomo.png,1645,2,,,,,,,1
Licencia Gnomo #1646,Licencia Gnomo #1646,https://docs.valentigamez.com/2357/_media/licencia-mecenas-gnomo.png,1646,2,,,,,,,1
Licencia Gnomo #1647,Licencia Gnomo #1647,https://docs.valentigamez.com/2357/_media/licencia-mecenas-gnomo.png,1647,2,,,,,,,1
Licencia Gnomo #1648,Licencia Gnomo #1648,https://docs.valentigamez.com/2357/_media/licencia-mecenas-gnomo.png,1648,2,,,,,,,1
Licencia Gnomo #1649,Licencia Gnomo #1649,https://docs.valentigamez.com/2357/_media/licencia-mecenas-gnomo.png,1649,2,,,,,,,1
Licencia Gnomo #1650,Licencia Gnomo #1650,https://docs.valentigamez.com/2357/_media/licencia-mecenas-gnomo.png,1650,2,,,,,,,1
Licencia Gnomo #1651,Licencia Gnomo #1651,https://docs.valentigamez.com/2357/_media/licencia-mecenas-gnomo.png,1651,2,,,,,,,1
Licencia Gnomo #1652,Licencia Gnomo #1652,https://docs.valentigamez.com/2357/_media/licencia-mecenas-gnomo.png,1652,2,,,,,,,1
Licencia Gnomo #1653,Licencia Gnomo #1653,https://docs.valentigamez.com/2357/_media/licencia-mecenas-gnomo.png,1653,2,,,,,,,1
Licencia Gnomo #1654,Licencia Gnomo #1654,https://docs.valentigamez.com/2357/_media/licencia-mecenas-gnomo.png,1654,2,,,,,,,1
Licencia Gnomo #1655,Licencia Gnomo #1655,https://docs.valentigamez.com/2357/_media/licencia-mecenas-gnomo.png,1655,2,,,,,,,1
Licencia Gnomo #1656,Licencia Gnomo #1656,https://docs.valentigamez.com/2357/_media/licencia-mecenas-gnomo.png,1656,2,,,,,,,1
Licencia Gnomo #1657,Licencia Gnomo #1657,https://docs.valentigamez.com/2357/_media/licencia-mecenas-gnomo.png,1657,2,,,,,,,1
Licencia Gnomo #1658,Licencia Gnomo #1658,https://docs.valentigamez.com/2357/_media/licencia-mecenas-gnomo.png,1658,2,,,,,,,1
Licencia Gnomo #1659,Licencia Gnomo #1659,https://docs.valentigamez.com/2357/_media/licencia-mecenas-gnomo.png,1659,2,,,,,,,1
Licencia Gnomo #1660,Licencia Gnomo #1660,https://docs.valentigamez.com/2357/_media/licencia-mecenas-gnomo.png,1660,2,,,,,,,1
Licencia Gnomo #1661,Licencia Gnomo #1661,https://docs.valentigamez.com/2357/_media/licencia-mecenas-gnomo.png,1661,2,,,,,,,1
Licencia Gnomo #1662,Licencia Gnomo #1662,https://docs.valentigamez.com/2357/_media/licencia-mecenas-gnomo.png,1662,2,,,,,,,1
Licencia Gnomo #1663,Licencia Gnomo #1663,https://docs.valentigamez.com/2357/_media/licencia-mecenas-gnomo.png,1663,2,,,,,,,1
Licencia Gnomo #1664,Licencia Gnomo #1664,https://docs.valentigamez.com/2357/_media/licencia-mecenas-gnomo.png,1664,2,,,,,,,1
Licencia Gnomo #1665,Licencia Gnomo #1665,https://docs.valentigamez.com/2357/_media/licencia-mecenas-gnomo.png,1665,2,,,,,,,1
Licencia Gnomo #1666,Licencia Gnomo #1666,https://docs.valentigamez.com/2357/_media/licencia-mecenas-gnomo.png,1666,2,,,,,,,1
Licencia Gnomo #1667,Licencia Gnomo #1667,https://docs.valentigamez.com/2357/_media/licencia-mecenas-gnomo.png,1667,2,,,,,,,1
Licencia Gnomo #1668,Licencia Gnomo #1668,https://docs.valentigamez.com/2357/_media/licencia-mecenas-gnomo.png,1668,2,,,,,,,1
Licencia Gnomo #1669,Licencia Gnomo #1669,https://docs.valentigamez.com/2357/_media/licencia-mecenas-gnomo.png,1669,2,,,,,,,1
Licencia Gnomo #1670,Licencia Gnomo #1670,https://docs.valentigamez.com/2357/_media/licencia-mecenas-gnomo.png,1670,2,,,,,,,1
Licencia Gnomo #1671,Licencia Gnomo #1671,https://docs.valentigamez.com/2357/_media/licencia-mecenas-gnomo.png,1671,2,,,,,,,1
Licencia Gnomo #1672,Licencia Gnomo #1672,https://docs.valentigamez.com/2357/_media/licencia-mecenas-gnomo.png,1672,2,,,,,,,1
Licencia Gnomo #1673,Licencia Gnomo #1673,https://docs.valentigamez.com/2357/_media/licencia-mecenas-gnomo.png,1673,2,,,,,,,1
Licencia Gnomo #1674,Licencia Gnomo #1674,https://docs.valentigamez.com/2357/_media/licencia-mecenas-gnomo.png,1674,2,,,,,,,1
Licencia Gnomo #1675,Licencia Gnomo #1675,https://docs.valentigamez.com/2357/_media/licencia-mecenas-gnomo.png,1675,2,,,,,,,1
Licencia Gnomo #1676,Licencia Gnomo #1676,https://docs.valentigamez.com/2357/_media/licencia-mecenas-gnomo.png,1676,2,,,,,,,1
Licencia Gnomo #1677,Licencia Gnomo #1677,https://docs.valentigamez.com/2357/_media/licencia-mecenas-gnomo.png,1677,2,,,,,,,1
Licencia Gnomo #1678,Licencia Gnomo #1678,https://docs.valentigamez.com/2357/_media/licencia-mecenas-gnomo.png,1678,2,,,,,,,1
Licencia Gnomo #1679,Licencia Gnomo #1679,https://docs.valentigamez.com/2357/_media/licencia-mecenas-gnomo.png,1679,2,,,,,,,1
Licencia Gnomo #1680,Licencia Gnomo #1680,https://docs.valentigamez.com/2357/_media/licencia-mecenas-gnomo.png,1680,2,,,,,,,1
Licencia Gnomo #1681,Licencia Gnomo #1681,https://docs.valentigamez.com/2357/_media/licencia-mecenas-gnomo.png,1681,2,,,,,,,1
Licencia Gnomo #1682,Licencia Gnomo #1682,https://docs.valentigamez.com/2357/_media/licencia-mecenas-gnomo.png,1682,2,,,,,,,1
Licencia Gnomo #1683,Licencia Gnomo #1683,https://docs.valentigamez.com/2357/_media/licencia-mecenas-gnomo.png,1683,2,,,,,,,1
Licencia Gnomo #1684,Licencia Gnomo #1684,https://docs.valentigamez.com/2357/_media/licencia-mecenas-gnomo.png,1684,2,,,,,,,1
Licencia Gnomo #1685,Licencia Gnomo #1685,https://docs.valentigamez.com/2357/_media/licencia-mecenas-gnomo.png,1685,2,,,,,,,1
Licencia Gnomo #1686,Licencia Gnomo #1686,https://docs.valentigamez.com/2357/_media/licencia-mecenas-gnomo.png,1686,2,,,,,,,1
Licencia Gnomo #1687,Licencia Gnomo #1687,https://docs.valentigamez.com/2357/_media/licencia-mecenas-gnomo.png,1687,2,,,,,,,1
Licencia Gnomo #1688,Licencia Gnomo #1688,https://docs.valentigamez.com/2357/_media/licencia-mecenas-gnomo.png,1688,2,,,,,,,1
Licencia Gnomo #1689,Licencia Gnomo #1689,https://docs.valentigamez.com/2357/_media/licencia-mecenas-gnomo.png,1689,2,,,,,,,1
Licencia Gnomo #1690,Licencia Gnomo #1690,https://docs.valentigamez.com/2357/_media/licencia-mecenas-gnomo.png,1690,2,,,,,,,1
Licencia Gnomo #1691,Licencia Gnomo #1691,https://docs.valentigamez.com/2357/_media/licencia-mecenas-gnomo.png,1691,2,,,,,,,1
Licencia Gnomo #1692,Licencia Gnomo #1692,https://docs.valentigamez.com/2357/_media/licencia-mecenas-gnomo.png,1692,2,,,,,,,1
Licencia Gnomo #1693,Licencia Gnomo #1693,https://docs.valentigamez.com/2357/_media/licencia-mecenas-gnomo.png,1693,2,,,,,,,1
Licencia Gnomo #1694,Licencia Gnomo #1694,https://docs.valentigamez.com/2357/_media/licencia-mecenas-gnomo.png,1694,2,,,,,,,1
Licencia Gnomo #1695,Licencia Gnomo #1695,https://docs.valentigamez.com/2357/_media/licencia-mecenas-gnomo.png,1695,2,,,,,,,1
Licencia Gnomo #1696,Licencia Gnomo #1696,https://docs.valentigamez.com/2357/_media/licencia-mecenas-gnomo.png,1696,2,,,,,,,1
Licencia Gnomo #1697,Licencia Gnomo #1697,https://docs.valentigamez.com/2357/_media/licencia-mecenas-gnomo.png,1697,2,,,,,,,1
Licencia Gnomo #1698,Licencia Gnomo #1698,https://docs.valentigamez.com/2357/_media/licencia-mecenas-gnomo.png,1698,2,,,,,,,1
Licencia Gnomo #1699,Licencia Gnomo #1699,https://docs.valentigamez.com/2357/_media/licencia-mecenas-gnomo.png,1699,2,,,,,,,1
Licencia Gnomo #1700,Licencia Gnomo #1700,https://docs.valentigamez.com/2357/_media/licencia-mecenas-gnomo.png,1700,2,,,,,,,1
Licencia Gnomo #1701,Licencia Gnomo #1701,https://docs.valentigamez.com/2357/_media/licencia-mecenas-gnomo.png,1701,2,,,,,,,1
Licencia Gnomo #1702,Licencia Gnomo #1702,https://docs.valentigamez.com/2357/_media/licencia-mecenas-gnomo.png,1702,2,,,,,,,1
Licencia Gnomo #1703,Licencia Gnomo #1703,https://docs.valentigamez.com/2357/_media/licencia-mecenas-gnomo.png,1703,2,,,,,,,1
Licencia Gnomo #1704,Licencia Gnomo #1704,https://docs.valentigamez.com/2357/_media/licencia-mecenas-gnomo.png,1704,2,,,,,,,1
Licencia Gnomo #1705,Licencia Gnomo #1705,https://docs.valentigamez.com/2357/_media/licencia-mecenas-gnomo.png,1705,2,,,,,,,1
Licencia Gnomo #1706,Licencia Gnomo #1706,https://docs.valentigamez.com/2357/_media/licencia-mecenas-gnomo.png,1706,2,,,,,,,1
Licencia Gnomo #1707,Licencia Gnomo #1707,https://docs.valentigamez.com/2357/_media/licencia-mecenas-gnomo.png,1707,2,,,,,,,1
Licencia Gnomo #1708,Licencia Gnomo #1708,https://docs.valentigamez.com/2357/_media/licencia-mecenas-gnomo.png,1708,2,,,,,,,1
Licencia Gnomo #1709,Licencia Gnomo #1709,https://docs.valentigamez.com/2357/_media/licencia-mecenas-gnomo.png,1709,2,,,,,,,1
Licencia Gnomo #1710,Licencia Gnomo #1710,https://docs.valentigamez.com/2357/_media/licencia-mecenas-gnomo.png,1710,2,,,,,,,1
Licencia Gnomo #1711,Licencia Gnomo #1711,https://docs.valentigamez.com/2357/_media/licencia-mecenas-gnomo.png,1711,2,,,,,,,1
Licencia Gnomo #1712,Licencia Gnomo #1712,https://docs.valentigamez.com/2357/_media/licencia-mecenas-gnomo.png,1712,2,,,,,,,1
Licencia Gnomo #1713,Licencia Gnomo #1713,https://docs.valentigamez.com/2357/_media/licencia-mecenas-gnomo.png,1713,2,,,,,,,1
Licencia Gnomo #1714,Licencia Gnomo #1714,https://docs.valentigamez.com/2357/_media/licencia-mecenas-gnomo.png,1714,2,,,,,,,1
Licencia Gnomo #1715,Licencia Gnomo #1715,https://docs.valentigamez.com/2357/_media/licencia-mecenas-gnomo.png,1715,2,,,,,,,1
Licencia Gnomo #1716,Licencia Gnomo #1716,https://docs.valentigamez.com/2357/_media/licencia-mecenas-gnomo.png,1716,2,,,,,,,1
Licencia Gnomo #1717,Licencia Gnomo #1717,https://docs.valentigamez.com/2357/_media/licencia-mecenas-gnomo.png,1717,2,,,,,,,1
Licencia Gnomo #1718,Licencia Gnomo #1718,https://docs.valentigamez.com/2357/_media/licencia-mecenas-gnomo.png,1718,2,,,,,,,1
Licencia Gnomo #1719,Licencia Gnomo #1719,https://docs.valentigamez.com/2357/_media/licencia-mecenas-gnomo.png,1719,2,,,,,,,1
Licencia Gnomo #1720,Licencia Gnomo #1720,https://docs.valentigamez.com/2357/_media/licencia-mecenas-gnomo.png,1720,2,,,,,,,1
Licencia Gnomo #1721,Licencia Gnomo #1721,https://docs.valentigamez.com/2357/_media/licencia-mecenas-gnomo.png,1721,2,,,,,,,1
Licencia Gnomo #1722,Licencia Gnomo #1722,https://docs.valentigamez.com/2357/_media/licencia-mecenas-gnomo.png,1722,2,,,,,,,1
Licencia Gnomo #1723,Licencia Gnomo #1723,https://docs.valentigamez.com/2357/_media/licencia-mecenas-gnomo.png,1723,2,,,,,,,1
Licencia Gnomo #1724,Licencia Gnomo #1724,https://docs.valentigamez.com/2357/_media/licencia-mecenas-gnomo.png,1724,2,,,,,,,1
Licencia Gnomo #1725,Licencia Gnomo #1725,https://docs.valentigamez.com/2357/_media/licencia-mecenas-gnomo.png,1725,2,,,,,,,1
Licencia Gnomo #1726,Licencia Gnomo #1726,https://docs.valentigamez.com/2357/_media/licencia-mecenas-gnomo.png,1726,2,,,,,,,1
Licencia Gnomo #1727,Licencia Gnomo #1727,https://docs.valentigamez.com/2357/_media/licencia-mecenas-gnomo.png,1727,2,,,,,,,1
Licencia Gnomo #1728,Licencia Gnomo #1728,https://docs.valentigamez.com/2357/_media/licencia-mecenas-gnomo.png,1728,2,,,,,,,1
Licencia Gnomo #1729,Licencia Gnomo #1729,https://docs.valentigamez.com/2357/_media/licencia-mecenas-gnomo.png,1729,2,,,,,,,1
Licencia Gnomo #1730,Licencia Gnomo #1730,https://docs.valentigamez.com/2357/_media/licencia-mecenas-gnomo.png,1730,2,,,,,,,1
Licencia Gnomo #1731,Licencia Gnomo #1731,https://docs.valentigamez.com/2357/_media/licencia-mecenas-gnomo.png,1731,2,,,,,,,1
Licencia Gnomo #1732,Licencia Gnomo #1732,https://docs.valentigamez.com/2357/_media/licencia-mecenas-gnomo.png,1732,2,,,,,,,1
Licencia Gnomo #1733,Licencia Gnomo #1733,https://docs.valentigamez.com/2357/_media/licencia-mecenas-gnomo.png,1733,2,,,,,,,1
Licencia Gnomo #1734,Licencia Gnomo #1734,https://docs.valentigamez.com/2357/_media/licencia-mecenas-gnomo.png,1734,2,,,,,,,1
Licencia Gnomo #1735,Licencia Gnomo #1735,https://docs.valentigamez.com/2357/_media/licencia-mecenas-gnomo.png,1735,2,,,,,,,1
Licencia Gnomo #1736,Licencia Gnomo #1736,https://docs.valentigamez.com/2357/_media/licencia-mecenas-gnomo.png,1736,2,,,,,,,1
Licencia Gnomo #1737,Licencia Gnomo #1737,https://docs.valentigamez.com/2357/_media/licencia-mecenas-gnomo.png,1737,2,,,,,,,1
Licencia Gnomo #1738,Licencia Gnomo #1738,https://docs.valentigamez.com/2357/_media/licencia-mecenas-gnomo.png,1738,2,,,,,,,1
Licencia Gnomo #1739,Licencia Gnomo #1739,https://docs.valentigamez.com/2357/_media/licencia-mecenas-gnomo.png,1739,2,,,,,,,1
Licencia Gnomo #1740,Licencia Gnomo #1740,https://docs.valentigamez.com/2357/_media/licencia-mecenas-gnomo.png,1740,2,,,,,,,1
Licencia Gnomo #1741,Licencia Gnomo #1741,https://docs.valentigamez.com/2357/_media/licencia-mecenas-gnomo.png,1741,2,,,,,,,1
Licencia Gnomo #1742,Licencia Gnomo #1742,https://docs.valentigamez.com/2357/_media/licencia-mecenas-gnomo.png,1742,2,,,,,,,1
Licencia Gnomo #1743,Licencia Gnomo #1743,https://docs.valentigamez.com/2357/_media/licencia-mecenas-gnomo.png,1743,2,,,,,,,1
Licencia Gnomo #1744,Licencia Gnomo #1744,https://docs.valentigamez.com/2357/_media/licencia-mecenas-gnomo.png,1744,2,,,,,,,1
Licencia Gnomo #1745,Licencia Gnomo #1745,https://docs.valentigamez.com/2357/_media/licencia-mecenas-gnomo.png,1745,2,,,,,,,1
Licencia Gnomo #1746,Licencia Gnomo #1746,https://docs.valentigamez.com/2357/_media/licencia-mecenas-gnomo.png,1746,2,,,,,,,1
Licencia Gnomo #1747,Licencia Gnomo #1747,https://docs.valentigamez.com/2357/_media/licencia-mecenas-gnomo.png,1747,2,,,,,,,1
Licencia Gnomo #1748,Licencia Gnomo #1748,https://docs.valentigamez.com/2357/_media/licencia-mecenas-gnomo.png,1748,2,,,,,,,1
Licencia Gnomo #1749,Licencia Gnomo #1749,https://docs.valentigamez.com/2357/_media/licencia-mecenas-gnomo.png,1749,2,,,,,,,1
Licencia Gnomo #1750,Licencia Gnomo #1750,https://docs.valentigamez.com/2357/_media/licencia-mecenas-gnomo.png,1750,2,,,,,,,1
Licencia Gnomo #1751,Licencia Gnomo #1751,https://docs.valentigamez.com/2357/_media/licencia-mecenas-gnomo.png,1751,2,,,,,,,1
Licencia Gnomo #1752,Licencia Gnomo #1752,https://docs.valentigamez.com/2357/_media/licencia-mecenas-gnomo.png,1752,2,,,,,,,1
Licencia Gnomo #1753,Licencia Gnomo #1753,https://docs.valentigamez.com/2357/_media/licencia-mecenas-gnomo.png,1753,2,,,,,,,1
Licencia Gnomo #1754,Licencia Gnomo #1754,https://docs.valentigamez.com/2357/_media/licencia-mecenas-gnomo.png,1754,2,,,,,,,1
Licencia Gnomo #1755,Licencia Gnomo #1755,https://docs.valentigamez.com/2357/_media/licencia-mecenas-gnomo.png,1755,2,,,,,,,1
Licencia Gnomo #1756,Licencia Gnomo #1756,https://docs.valentigamez.com/2357/_media/licencia-mecenas-gnomo.png,1756,2,,,,,,,1
Licencia Gnomo #1757,Licencia Gnomo #1757,https://docs.valentigamez.com/2357/_media/licencia-mecenas-gnomo.png,1757,2,,,,,,,1
Licencia Gnomo #1758,Licencia Gnomo #1758,https://docs.valentigamez.com/2357/_media/licencia-mecenas-gnomo.png,1758,2,,,,,,,1
Licencia Gnomo #1759,Licencia Gnomo #1759,https://docs.valentigamez.com/2357/_media/licencia-mecenas-gnomo.png,1759,2,,,,,,,1
Licencia Gnomo #1760,Licencia Gnomo #1760,https://docs.valentigamez.com/2357/_media/licencia-mecenas-gnomo.png,1760,2,,,,,,,1
Licencia Gnomo #1761,Licencia Gnomo #1761,https://docs.valentigamez.com/2357/_media/licencia-mecenas-gnomo.png,1761,2,,,,,,,1
Licencia Gnomo #1762,Licencia Gnomo #1762,https://docs.valentigamez.com/2357/_media/licencia-mecenas-gnomo.png,1762,2,,,,,,,1
Licencia Gnomo #1763,Licencia Gnomo #1763,https://docs.valentigamez.com/2357/_media/licencia-mecenas-gnomo.png,1763,2,,,,,,,1
Licencia Gnomo #1764,Licencia Gnomo #1764,https://docs.valentigamez.com/2357/_media/licencia-mecenas-gnomo.png,1764,2,,,,,,,1
Licencia Gnomo #1765,Licencia Gnomo #1765,https://docs.valentigamez.com/2357/_media/licencia-mecenas-gnomo.png,1765,2,,,,,,,1
Licencia Gnomo #1766,Licencia Gnomo #1766,https://docs.valentigamez.com/2357/_media/licencia-mecenas-gnomo.png,1766,2,,,,,,,1
Licencia Gnomo #1767,Licencia Gnomo #1767,https://docs.valentigamez.com/2357/_media/licencia-mecenas-gnomo.png,1767,2,,,,,,,1
Licencia Gnomo #1768,Licencia Gnomo #1768,https://docs.valentigamez.com/2357/_media/licencia-mecenas-gnomo.png,1768,2,,,,,,,1
Licencia Gnomo #1769,Licencia Gnomo #1769,https://docs.valentigamez.com/2357/_media/licencia-mecenas-gnomo.png,1769,2,,,,,,,1
Licencia Gnomo #1770,Licencia Gnomo #1770,https://docs.valentigamez.com/2357/_media/licencia-mecenas-gnomo.png,1770,2,,,,,,,1
Licencia Gnomo #1771,Licencia Gnomo #1771,https://docs.valentigamez.com/2357/_media/licencia-mecenas-gnomo.png,1771,2,,,,,,,1
Licencia Gnomo #1772,Licencia Gnomo #1772,https://docs.valentigamez.com/2357/_media/licencia-mecenas-gnomo.png,1772,2,,,,,,,1
Licencia Gnomo #1773,Licencia Gnomo #1773,https://docs.valentigamez.com/2357/_media/licencia-mecenas-gnomo.png,1773,2,,,,,,,1
Licencia Gnomo #1774,Licencia Gnomo #1774,https://docs.valentigamez.com/2357/_media/licencia-mecenas-gnomo.png,1774,2,,,,,,,1
Licencia Gnomo #1775,Licencia Gnomo #1775,https://docs.valentigamez.com/2357/_media/licencia-mecenas-gnomo.png,1775,2,,,,,,,1
Licencia Gnomo #1776,Licencia Gnomo #1776,https://docs.valentigamez.com/2357/_media/licencia-mecenas-gnomo.png,1776,2,,,,,,,1
Licencia Gnomo #1777,Licencia Gnomo #1777,https://docs.valentigamez.com/2357/_media/licencia-mecenas-gnomo.png,1777,2,,,,,,,1
Licencia Gnomo #1778,Licencia Gnomo #1778,https://docs.valentigamez.com/2357/_media/licencia-mecenas-gnomo.png,1778,2,,,,,,,1
Licencia Gnomo #1779,Licencia Gnomo #1779,https://docs.valentigamez.com/2357/_media/licencia-mecenas-gnomo.png,1779,2,,,,,,,1
Licencia Gnomo #1780,Licencia Gnomo #1780,https://docs.valentigamez.com/2357/_media/licencia-mecenas-gnomo.png,1780,2,,,,,,,1
Licencia Gnomo #1781,Licencia Gnomo #1781,https://docs.valentigamez.com/2357/_media/licencia-mecenas-gnomo.png,1781,2,,,,,,,1
Licencia Gnomo #1782,Licencia Gnomo #1782,https://docs.valentigamez.com/2357/_media/licencia-mecenas-gnomo.png,1782,2,,,,,,,1
Licencia Gnomo #1783,Licencia Gnomo #1783,https://docs.valentigamez.com/2357/_media/licencia-mecenas-gnomo.png,1783,2,,,,,,,1
Licencia Gnomo #1784,Licencia Gnomo #1784,https://docs.valentigamez.com/2357/_media/licencia-mecenas-gnomo.png,1784,2,,,,,,,1
Licencia Gnomo #1785,Licencia Gnomo #1785,https://docs.valentigamez.com/2357/_media/licencia-mecenas-gnomo.png,1785,2,,,,,,,1
Licencia Gnomo #1786,Licencia Gnomo #1786,https://docs.valentigamez.com/2357/_media/licencia-mecenas-gnomo.png,1786,2,,,,,,,1
Licencia Gnomo #1787,Licencia Gnomo #1787,https://docs.valentigamez.com/2357/_media/licencia-mecenas-gnomo.png,1787,2,,,,,,,1
Licencia Gnomo #1788,Licencia Gnomo #1788,https://docs.valentigamez.com/2357/_media/licencia-mecenas-gnomo.png,1788,2,,,,,,,1
Licencia Gnomo #1789,Licencia Gnomo #1789,https://docs.valentigamez.com/2357/_media/licencia-mecenas-gnomo.png,1789,2,,,,,,,1
Licencia Gnomo #1790,Licencia Gnomo #1790,https://docs.valentigamez.com/2357/_media/licencia-mecenas-gnomo.png,1790,2,,,,,,,1
Licencia Gnomo #1791,Licencia Gnomo #1791,https://docs.valentigamez.com/2357/_media/licencia-mecenas-gnomo.png,1791,2,,,,,,,1
Licencia Gnomo #1792,Licencia Gnomo #1792,https://docs.valentigamez.com/2357/_media/licencia-mecenas-gnomo.png,1792,2,,,,,,,1
Licencia Gnomo #1793,Licencia Gnomo #1793,https://docs.valentigamez.com/2357/_media/licencia-mecenas-gnomo.png,1793,2,,,,,,,1
Licencia Gnomo #1794,Licencia Gnomo #1794,https://docs.valentigamez.com/2357/_media/licencia-mecenas-gnomo.png,1794,2,,,,,,,1
Licencia Gnomo #1795,Licencia Gnomo #1795,https://docs.valentigamez.com/2357/_media/licencia-mecenas-gnomo.png,1795,2,,,,,,,1
Licencia Gnomo #1796,Licencia Gnomo #1796,https://docs.valentigamez.com/2357/_media/licencia-mecenas-gnomo.png,1796,2,,,,,,,1
Licencia Gnomo #1797,Licencia Gnomo #1797,https://docs.valentigamez.com/2357/_media/licencia-mecenas-gnomo.png,1797,2,,,,,,,1
Licencia Gnomo #1798,Licencia Gnomo #1798,https://docs.valentigamez.com/2357/_media/licencia-mecenas-gnomo.png,1798,2,,,,,,,1
Licencia Gnomo #1799,Licencia Gnomo #1799,https://docs.valentigamez.com/2357/_media/licencia-mecenas-gnomo.png,1799,2,,,,,,,1
Licencia Gnomo #1800,Licencia Gnomo #1800,https://docs.valentigamez.com/2357/_media/licencia-mecenas-gnomo.png,1800,2,,,,,,,1
Licencia Gnomo #1801,Licencia Gnomo #1801,https://docs.valentigamez.com/2357/_media/licencia-mecenas-gnomo.png,1801,2,,,,,,,1
Licencia Gnomo #1802,Licencia Gnomo #1802,https://docs.valentigamez.com/2357/_media/licencia-mecenas-gnomo.png,1802,2,,,,,,,1
Licencia Gnomo #1803,Licencia Gnomo #1803,https://docs.valentigamez.com/2357/_media/licencia-mecenas-gnomo.png,1803,2,,,,,,,1
Licencia Gnomo #1804,Licencia Gnomo #1804,https://docs.valentigamez.com/2357/_media/licencia-mecenas-gnomo.png,1804,2,,,,,,,1
Licencia Gnomo #1805,Licencia Gnomo #1805,https://docs.valentigamez.com/2357/_media/licencia-mecenas-gnomo.png,1805,2,,,,,,,1
Licencia Gnomo #1806,Licencia Gnomo #1806,https://docs.valentigamez.com/2357/_media/licencia-mecenas-gnomo.png,1806,2,,,,,,,1
Licencia Gnomo #1807,Licencia Gnomo #1807,https://docs.valentigamez.com/2357/_media/licencia-mecenas-gnomo.png,1807,2,,,,,,,1
Licencia Gnomo #1808,Licencia Gnomo #1808,https://docs.valentigamez.com/2357/_media/licencia-mecenas-gnomo.png,1808,2,,,,,,,1
Licencia Gnomo #1809,Licencia Gnomo #1809,https://docs.valentigamez.com/2357/_media/licencia-mecenas-gnomo.png,1809,2,,,,,,,1
Licencia Gnomo #1810,Licencia Gnomo #1810,https://docs.valentigamez.com/2357/_media/licencia-mecenas-gnomo.png,1810,2,,,,,,,1
Licencia Gnomo #1811,Licencia Gnomo #1811,https://docs.valentigamez.com/2357/_media/licencia-mecenas-gnomo.png,1811,2,,,,,,,1
Licencia Gnomo #1812,Licencia Gnomo #1812,https://docs.valentigamez.com/2357/_media/licencia-mecenas-gnomo.png,1812,2,,,,,,,1
Licencia Gnomo #1813,Licencia Gnomo #1813,https://docs.valentigamez.com/2357/_media/licencia-mecenas-gnomo.png,1813,2,,,,,,,1
Licencia Gnomo #1814,Licencia Gnomo #1814,https://docs.valentigamez.com/2357/_media/licencia-mecenas-gnomo.png,1814,2,,,,,,,1
Licencia Gnomo #1815,Licencia Gnomo #1815,https://docs.valentigamez.com/2357/_media/licencia-mecenas-gnomo.png,1815,2,,,,,,,1
Licencia Gnomo #1816,Licencia Gnomo #1816,https://docs.valentigamez.com/2357/_media/licencia-mecenas-gnomo.png,1816,2,,,,,,,1
Licencia Gnomo #1817,Licencia Gnomo #1817,https://docs.valentigamez.com/2357/_media/licencia-mecenas-gnomo.png,1817,2,,,,,,,1
Licencia Gnomo #1818,Licencia Gnomo #1818,https://docs.valentigamez.com/2357/_media/licencia-mecenas-gnomo.png,1818,2,,,,,,,1
Licencia Gnomo #1819,Licencia Gnomo #1819,https://docs.valentigamez.com/2357/_media/licencia-mecenas-gnomo.png,1819,2,,,,,,,1
Licencia Gnomo #1820,Licencia Gnomo #1820,https://docs.valentigamez.com/2357/_media/licencia-mecenas-gnomo.png,1820,2,,,,,,,1
Licencia Gnomo #1821,Licencia Gnomo #1821,https://docs.valentigamez.com/2357/_media/licencia-mecenas-gnomo.png,1821,2,,,,,,,1
Licencia Gnomo #1822,Licencia Gnomo #1822,https://docs.valentigamez.com/2357/_media/licencia-mecenas-gnomo.png,1822,2,,,,,,,1
Licencia Gnomo #1823,Licencia Gnomo #1823,https://docs.valentigamez.com/2357/_media/licencia-mecenas-gnomo.png,1823,2,,,,,,,1
Licencia Gnomo #1824,Licencia Gnomo #1824,https://docs.valentigamez.com/2357/_media/licencia-mecenas-gnomo.png,1824,2,,,,,,,1
Licencia Gnomo #1825,Licencia Gnomo #1825,https://docs.valentigamez.com/2357/_media/licencia-mecenas-gnomo.png,1825,2,,,,,,,1
Licencia Gnomo #1826,Licencia Gnomo #1826,https://docs.valentigamez.com/2357/_media/licencia-mecenas-gnomo.png,1826,2,,,,,,,1
Licencia Gnomo #1827,Licencia Gnomo #1827,https://docs.valentigamez.com/2357/_media/licencia-mecenas-gnomo.png,1827,2,,,,,,,1
Licencia Gnomo #1828,Licencia Gnomo #1828,https://docs.valentigamez.com/2357/_media/licencia-mecenas-gnomo.png,1828,2,,,,,,,1
Licencia Gnomo #1829,Licencia Gnomo #1829,https://docs.valentigamez.com/2357/_media/licencia-mecenas-gnomo.png,1829,2,,,,,,,1
Licencia Gnomo #1830,Licencia Gnomo #1830,https://docs.valentigamez.com/2357/_media/licencia-mecenas-gnomo.png,1830,2,,,,,,,1
Licencia Gnomo #1831,Licencia Gnomo #1831,https://docs.valentigamez.com/2357/_media/licencia-mecenas-gnomo.png,1831,2,,,,,,,1
Licencia Gnomo #1832,Licencia Gnomo #1832,https://docs.valentigamez.com/2357/_media/licencia-mecenas-gnomo.png,1832,2,,,,,,,1
Licencia Gnomo #1833,Licencia Gnomo #1833,https://docs.valentigamez.com/2357/_media/licencia-mecenas-gnomo.png,1833,2,,,,,,,1
Licencia Gnomo #1834,Licencia Gnomo #1834,https://docs.valentigamez.com/2357/_media/licencia-mecenas-gnomo.png,1834,2,,,,,,,1
Licencia Gnomo #1835,Licencia Gnomo #1835,https://docs.valentigamez.com/2357/_media/licencia-mecenas-gnomo.png,1835,2,,,,,,,1
Licencia Gnomo #1836,Licencia Gnomo #1836,https://docs.valentigamez.com/2357/_media/licencia-mecenas-gnomo.png,1836,2,,,,,,,1
Licencia Gnomo #1837,Licencia Gnomo #1837,https://docs.valentigamez.com/2357/_media/licencia-mecenas-gnomo.png,1837,2,,,,,,,1
Licencia Gnomo #1838,Licencia Gnomo #1838,https://docs.valentigamez.com/2357/_media/licencia-mecenas-gnomo.png,1838,2,,,,,,,1
Licencia Gnomo #1839,Licencia Gnomo #1839,https://docs.valentigamez.com/2357/_media/licencia-mecenas-gnomo.png,1839,2,,,,,,,1
Licencia Gnomo #1840,Licencia Gnomo #1840,https://docs.valentigamez.com/2357/_media/licencia-mecenas-gnomo.png,1840,2,,,,,,,1
Licencia Gnomo #1841,Licencia Gnomo #1841,https://docs.valentigamez.com/2357/_media/licencia-mecenas-gnomo.png,1841,2,,,,,,,1
Licencia Gnomo #1842,Licencia Gnomo #1842,https://docs.valentigamez.com/2357/_media/licencia-mecenas-gnomo.png,1842,2,,,,,,,1
Licencia Gnomo #1843,Licencia Gnomo #1843,https://docs.valentigamez.com/2357/_media/licencia-mecenas-gnomo.png,1843,2,,,,,,,1
Licencia Gnomo #1844,Licencia Gnomo #1844,https://docs.valentigamez.com/2357/_media/licencia-mecenas-gnomo.png,1844,2,,,,,,,1
Licencia Gnomo #1845,Licencia Gnomo #1845,https://docs.valentigamez.com/2357/_media/licencia-mecenas-gnomo.png,1845,2,,,,,,,1
Licencia Gnomo #1846,Licencia Gnomo #1846,https://docs.valentigamez.com/2357/_media/licencia-mecenas-gnomo.png,1846,2,,,,,,,1
Licencia Gnomo #1847,Licencia Gnomo #1847,https://docs.valentigamez.com/2357/_media/licencia-mecenas-gnomo.png,1847,2,,,,,,,1
Licencia Gnomo #1848,Licencia Gnomo #1848,https://docs.valentigamez.com/2357/_media/licencia-mecenas-gnomo.png,1848,2,,,,,,,1
Licencia Gnomo #1849,Licencia Gnomo #1849,https://docs.valentigamez.com/2357/_media/licencia-mecenas-gnomo.png,1849,2,,,,,,,1
Licencia Gnomo #1850,Licencia Gnomo #1850,https://docs.valentigamez.com/2357/_media/licencia-mecenas-gnomo.png,1850,2,,,,,,,1
Licencia Gnomo #1851,Licencia Gnomo #1851,https://docs.valentigamez.com/2357/_media/licencia-mecenas-gnomo.png,1851,2,,,,,,,1
Licencia Gnomo #1852,Licencia Gnomo #1852,https://docs.valentigamez.com/2357/_media/licencia-mecenas-gnomo.png,1852,2,,,,,,,1
Licencia Gnomo #1853,Licencia Gnomo #1853,https://docs.valentigamez.com/2357/_media/licencia-mecenas-gnomo.png,1853,2,,,,,,,1
Licencia Gnomo #1854,Licencia Gnomo #1854,https://docs.valentigamez.com/2357/_media/licencia-mecenas-gnomo.png,1854,2,,,,,,,1
Licencia Gnomo #1855,Licencia Gnomo #1855,https://docs.valentigamez.com/2357/_media/licencia-mecenas-gnomo.png,1855,2,,,,,,,1
Licencia Gnomo #1856,Licencia Gnomo #1856,https://docs.valentigamez.com/2357/_media/licencia-mecenas-gnomo.png,1856,2,,,,,,,1
Licencia Gnomo #1857,Licencia Gnomo #1857,https://docs.valentigamez.com/2357/_media/licencia-mecenas-gnomo.png,1857,2,,,,,,,1
Licencia Gnomo #1858,Licencia Gnomo #1858,https://docs.valentigamez.com/2357/_media/licencia-mecenas-gnomo.png,1858,2,,,,,,,1
Licencia Gnomo #1859,Licencia Gnomo #1859,https://docs.valentigamez.com/2357/_media/licencia-mecenas-gnomo.png,1859,2,,,,,,,1
Licencia Gnomo #1860,Licencia Gnomo #1860,https://docs.valentigamez.com/2357/_media/licencia-mecenas-gnomo.png,1860,2,,,,,,,1
Licencia Gnomo #1861,Licencia Gnomo #1861,https://docs.valentigamez.com/2357/_media/licencia-mecenas-gnomo.png,1861,2,,,,,,,1
Licencia Gnomo #1862,Licencia Gnomo #1862,https://docs.valentigamez.com/2357/_media/licencia-mecenas-gnomo.png,1862,2,,,,,,,1
Licencia Gnomo #1863,Licencia Gnomo #1863,https://docs.valentigamez.com/2357/_media/licencia-mecenas-gnomo.png,1863,2,,,,,,,1
Licencia Gnomo #1864,Licencia Gnomo #1864,https://docs.valentigamez.com/2357/_media/licencia-mecenas-gnomo.png,1864,2,,,,,,,1
Licencia Gnomo #1865,Licencia Gnomo #1865,https://docs.valentigamez.com/2357/_media/licencia-mecenas-gnomo.png,1865,2,,,,,,,1
Licencia Gnomo #1866,Licencia Gnomo #1866,https://docs.valentigamez.com/2357/_media/licencia-mecenas-gnomo.png,1866,2,,,,,,,1
Licencia Gnomo #1867,Licencia Gnomo #1867,https://docs.valentigamez.com/2357/_media/licencia-mecenas-gnomo.png,1867,2,,,,,,,1
Licencia Gnomo #1868,Licencia Gnomo #1868,https://docs.valentigamez.com/2357/_media/licencia-mecenas-gnomo.png,1868,2,,,,,,,1
Licencia Gnomo #1869,Licencia Gnomo #1869,https://docs.valentigamez.com/2357/_media/licencia-mecenas-gnomo.png,1869,2,,,,,,,1
Licencia Gnomo #1870,Licencia Gnomo #1870,https://docs.valentigamez.com/2357/_media/licencia-mecenas-gnomo.png,1870,2,,,,,,,1
Licencia Gnomo #1871,Licencia Gnomo #1871,https://docs.valentigamez.com/2357/_media/licencia-mecenas-gnomo.png,1871,2,,,,,,,1
Licencia Gnomo #1872,Licencia Gnomo #1872,https://docs.valentigamez.com/2357/_media/licencia-mecenas-gnomo.png,1872,2,,,,,,,1
Licencia Gnomo #1873,Licencia Gnomo #1873,https://docs.valentigamez.com/2357/_media/licencia-mecenas-gnomo.png,1873,2,,,,,,,1
Licencia Gnomo #1874,Licencia Gnomo #1874,https://docs.valentigamez.com/2357/_media/licencia-mecenas-gnomo.png,1874,2,,,,,,,1
Licencia Gnomo #1875,Licencia Gnomo #1875,https://docs.valentigamez.com/2357/_media/licencia-mecenas-gnomo.png,1875,2,,,,,,,1
Licencia Gnomo #1876,Licencia Gnomo #1876,https://docs.valentigamez.com/2357/_media/licencia-mecenas-gnomo.png,1876,2,,,,,,,1
Licencia Gnomo #1877,Licencia Gnomo #1877,https://docs.valentigamez.com/2357/_media/licencia-mecenas-gnomo.png,1877,2,,,,,,,1
Licencia Gnomo #1878,Licencia Gnomo #1878,https://docs.valentigamez.com/2357/_media/licencia-mecenas-gnomo.png,1878,2,,,,,,,1
Licencia Gnomo #1879,Licencia Gnomo #1879,https://docs.valentigamez.com/2357/_media/licencia-mecenas-gnomo.png,1879,2,,,,,,,1
Licencia Gnomo #1880,Licencia Gnomo #1880,https://docs.valentigamez.com/2357/_media/licencia-mecenas-gnomo.png,1880,2,,,,,,,1
Licencia Gnomo #1881,Licencia Gnomo #1881,https://docs.valentigamez.com/2357/_media/licencia-mecenas-gnomo.png,1881,2,,,,,,,1
Licencia Gnomo #1882,Licencia Gnomo #1882,https://docs.valentigamez.com/2357/_media/licencia-mecenas-gnomo.png,1882,2,,,,,,,1
Licencia Gnomo #1883,Licencia Gnomo #1883,https://docs.valentigamez.com/2357/_media/licencia-mecenas-gnomo.png,1883,2,,,,,,,1
Licencia Gnomo #1884,Licencia Gnomo #1884,https://docs.valentigamez.com/2357/_media/licencia-mecenas-gnomo.png,1884,2,,,,,,,1
Licencia Gnomo #1885,Licencia Gnomo #1885,https://docs.valentigamez.com/2357/_media/licencia-mecenas-gnomo.png,1885,2,,,,,,,1
Licencia Gnomo #1886,Licencia Gnomo #1886,https://docs.valentigamez.com/2357/_media/licencia-mecenas-gnomo.png,1886,2,,,,,,,1
Licencia Gnomo #1887,Licencia Gnomo #1887,https://docs.valentigamez.com/2357/_media/licencia-mecenas-gnomo.png,1887,2,,,,,,,1
Licencia Gnomo #1888,Licencia Gnomo #1888,https://docs.valentigamez.com/2357/_media/licencia-mecenas-gnomo.png,1888,2,,,,,,,1
Licencia Gnomo #1889,Licencia Gnomo #1889,https://docs.valentigamez.com/2357/_media/licencia-mecenas-gnomo.png,1889,2,,,,,,,1
Licencia Gnomo #1890,Licencia Gnomo #1890,https://docs.valentigamez.com/2357/_media/licencia-mecenas-gnomo.png,1890,2,,,,,,,1
Licencia Gnomo #1891,Licencia Gnomo #1891,https://docs.valentigamez.com/2357/_media/licencia-mecenas-gnomo.png,1891,2,,,,,,,1
Licencia Gnomo #1892,Licencia Gnomo #1892,https://docs.valentigamez.com/2357/_media/licencia-mecenas-gnomo.png,1892,2,,,,,,,1
Licencia Gnomo #1893,Licencia Gnomo #1893,https://docs.valentigamez.com/2357/_media/licencia-mecenas-gnomo.png,1893,2,,,,,,,1
Licencia Gnomo #1894,Licencia Gnomo #1894,https://docs.valentigamez.com/2357/_media/licencia-mecenas-gnomo.png,1894,2,,,,,,,1
Licencia Gnomo #1895,Licencia Gnomo #1895,https://docs.valentigamez.com/2357/_media/licencia-mecenas-gnomo.png,1895,2,,,,,,,1
Licencia Gnomo #1896,Licencia Gnomo #1896,https://docs.valentigamez.com/2357/_media/licencia-mecenas-gnomo.png,1896,2,,,,,,,1
Licencia Gnomo #1897,Licencia Gnomo #1897,https://docs.valentigamez.com/2357/_media/licencia-mecenas-gnomo.png,1897,2,,,,,,,1
Licencia Gnomo #1898,Licencia Gnomo #1898,https://docs.valentigamez.com/2357/_media/licencia-mecenas-gnomo.png,1898,2,,,,,,,1
Licencia Gnomo #1899,Licencia Gnomo #1899,https://docs.valentigamez.com/2357/_media/licencia-mecenas-gnomo.png,1899,2,,,,,,,1
Licencia Gnomo #1900,Licencia Gnomo #1900,https://docs.valentigamez.com/2357/_media/licencia-mecenas-gnomo.png,1900,2,,,,,,,1
Licencia Gnomo #1901,Licencia Gnomo #1901,https://docs.valentigamez.com/2357/_media/licencia-mecenas-gnomo.png,1901,2,,,,,,,1
Licencia Gnomo #1902,Licencia Gnomo #1902,https://docs.valentigamez.com/2357/_media/licencia-mecenas-gnomo.png,1902,2,,,,,,,1
Licencia Gnomo #1903,Licencia Gnomo #1903,https://docs.valentigamez.com/2357/_media/licencia-mecenas-gnomo.png,1903,2,,,,,,,1
Licencia Gnomo #1904,Licencia Gnomo #1904,https://docs.valentigamez.com/2357/_media/licencia-mecenas-gnomo.png,1904,2,,,,,,,1
Licencia Gnomo #1905,Licencia Gnomo #1905,https://docs.valentigamez.com/2357/_media/licencia-mecenas-gnomo.png,1905,2,,,,,,,1
Licencia Gnomo #1906,Licencia Gnomo #1906,https://docs.valentigamez.com/2357/_media/licencia-mecenas-gnomo.png,1906,2,,,,,,,1
Licencia Gnomo #1907,Licencia Gnomo #1907,https://docs.valentigamez.com/2357/_media/licencia-mecenas-gnomo.png,1907,2,,,,,,,1
Licencia Gnomo #1908,Licencia Gnomo #1908,https://docs.valentigamez.com/2357/_media/licencia-mecenas-gnomo.png,1908,2,,,,,,,1
Licencia Gnomo #1909,Licencia Gnomo #1909,https://docs.valentigamez.com/2357/_media/licencia-mecenas-gnomo.png,1909,2,,,,,,,1
Licencia Gnomo #1910,Licencia Gnomo #1910,https://docs.valentigamez.com/2357/_media/licencia-mecenas-gnomo.png,1910,2,,,,,,,1
Licencia Gnomo #1911,Licencia Gnomo #1911,https://docs.valentigamez.com/2357/_media/licencia-mecenas-gnomo.png,1911,2,,,,,,,1
Licencia Gnomo #1912,Licencia Gnomo #1912,https://docs.valentigamez.com/2357/_media/licencia-mecenas-gnomo.png,1912,2,,,,,,,1
Licencia Gnomo #1913,Licencia Gnomo #1913,https://docs.valentigamez.com/2357/_media/licencia-mecenas-gnomo.png,1913,2,,,,,,,1
Licencia Gnomo #1914,Licencia Gnomo #1914,https://docs.valentigamez.com/2357/_media/licencia-mecenas-gnomo.png,1914,2,,,,,,,1
Licencia Gnomo #1915,Licencia Gnomo #1915,https://docs.valentigamez.com/2357/_media/licencia-mecenas-gnomo.png,1915,2,,,,,,,1
Licencia Gnomo #1916,Licencia Gnomo #1916,https://docs.valentigamez.com/2357/_media/licencia-mecenas-gnomo.png,1916,2,,,,,,,1
Licencia Gnomo #1917,Licencia Gnomo #1917,https://docs.valentigamez.com/2357/_media/licencia-mecenas-gnomo.png,1917,2,,,,,,,1
Licencia Gnomo #1918,Licencia Gnomo #1918,https://docs.valentigamez.com/2357/_media/licencia-mecenas-gnomo.png,1918,2,,,,,,,1
Licencia Gnomo #1919,Licencia Gnomo #1919,https://docs.valentigamez.com/2357/_media/licencia-mecenas-gnomo.png,1919,2,,,,,,,1
Licencia Gnomo #1920,Licencia Gnomo #1920,https://docs.valentigamez.com/2357/_media/licencia-mecenas-gnomo.png,1920,2,,,,,,,1
Licencia Gnomo #1921,Licencia Gnomo #1921,https://docs.valentigamez.com/2357/_media/licencia-mecenas-gnomo.png,1921,2,,,,,,,1
Licencia Gnomo #1922,Licencia Gnomo #1922,https://docs.valentigamez.com/2357/_media/licencia-mecenas-gnomo.png,1922,2,,,,,,,1
Licencia Gnomo #1923,Licencia Gnomo #1923,https://docs.valentigamez.com/2357/_media/licencia-mecenas-gnomo.png,1923,2,,,,,,,1
Licencia Gnomo #1924,Licencia Gnomo #1924,https://docs.valentigamez.com/2357/_media/licencia-mecenas-gnomo.png,1924,2,,,,,,,1
Licencia Gnomo #1925,Licencia Gnomo #1925,https://docs.valentigamez.com/2357/_media/licencia-mecenas-gnomo.png,1925,2,,,,,,,1
Licencia Gnomo #1926,Licencia Gnomo #1926,https://docs.valentigamez.com/2357/_media/licencia-mecenas-gnomo.png,1926,2,,,,,,,1
Licencia Gnomo #1927,Licencia Gnomo #1927,https://docs.valentigamez.com/2357/_media/licencia-mecenas-gnomo.png,1927,2,,,,,,,1
Licencia Gnomo #1928,Licencia Gnomo #1928,https://docs.valentigamez.com/2357/_media/licencia-mecenas-gnomo.png,1928,2,,,,,,,1
Licencia Gnomo #1929,Licencia Gnomo #1929,https://docs.valentigamez.com/2357/_media/licencia-mecenas-gnomo.png,1929,2,,,,,,,1
Licencia Gnomo #1930,Licencia Gnomo #1930,https://docs.valentigamez.com/2357/_media/licencia-mecenas-gnomo.png,1930,2,,,,,,,1
Licencia Gnomo #1931,Licencia Gnomo #1931,https://docs.valentigamez.com/2357/_media/licencia-mecenas-gnomo.png,1931,2,,,,,,,1
Licencia Gnomo #1932,Licencia Gnomo #1932,https://docs.valentigamez.com/2357/_media/licencia-mecenas-gnomo.png,1932,2,,,,,,,1
Licencia Gnomo #1933,Licencia Gnomo #1933,https://docs.valentigamez.com/2357/_media/licencia-mecenas-gnomo.png,1933,2,,,,,,,1
Licencia Gnomo #1934,Licencia Gnomo #1934,https://docs.valentigamez.com/2357/_media/licencia-mecenas-gnomo.png,1934,2,,,,,,,1
Licencia Gnomo #1935,Licencia Gnomo #1935,https://docs.valentigamez.com/2357/_media/licencia-mecenas-gnomo.png,1935,2,,,,,,,1
Licencia Gnomo #1936,Licencia Gnomo #1936,https://docs.valentigamez.com/2357/_media/licencia-mecenas-gnomo.png,1936,2,,,,,,,1
Licencia Gnomo #1937,Licencia Gnomo #1937,https://docs.valentigamez.com/2357/_media/licencia-mecenas-gnomo.png,1937,2,,,,,,,1
Licencia Gnomo #1938,Licencia Gnomo #1938,https://docs.valentigamez.com/2357/_media/licencia-mecenas-gnomo.png,1938,2,,,,,,,1
Licencia Gnomo #1939,Licencia Gnomo #1939,https://docs.valentigamez.com/2357/_media/licencia-mecenas-gnomo.png,1939,2,,,,,,,1
Licencia Gnomo #1940,Licencia Gnomo #1940,https://docs.valentigamez.com/2357/_media/licencia-mecenas-gnomo.png,1940,2,,,,,,,1
Licencia Gnomo #1941,Licencia Gnomo #1941,https://docs.valentigamez.com/2357/_media/licencia-mecenas-gnomo.png,1941,2,,,,,,,1
Licencia Gnomo #1942,Licencia Gnomo #1942,https://docs.valentigamez.com/2357/_media/licencia-mecenas-gnomo.png,1942,2,,,,,,,1
Licencia Gnomo #1943,Licencia Gnomo #1943,https://docs.valentigamez.com/2357/_media/licencia-mecenas-gnomo.png,1943,2,,,,,,,1
Licencia Gnomo #1944,Licencia Gnomo #1944,https://docs.valentigamez.com/2357/_media/licencia-mecenas-gnomo.png,1944,2,,,,,,,1
Licencia Gnomo #1945,Licencia Gnomo #1945,https://docs.valentigamez.com/2357/_media/licencia-mecenas-gnomo.png,1945,2,,,,,,,1
Licencia Gnomo #1946,Licencia Gnomo #1946,https://docs.valentigamez.com/2357/_media/licencia-mecenas-gnomo.png,1946,2,,,,,,,1
Licencia Gnomo #1947,Licencia Gnomo #1947,https://docs.valentigamez.com/2357/_media/licencia-mecenas-gnomo.png,1947,2,,,,,,,1
Licencia Gnomo #1948,Licencia Gnomo #1948,https://docs.valentigamez.com/2357/_media/licencia-mecenas-gnomo.png,1948,2,,,,,,,1
Licencia Gnomo #1949,Licencia Gnomo #1949,https://docs.valentigamez.com/2357/_media/licencia-mecenas-gnomo.png,1949,2,,,,,,,1
Licencia Gnomo #1950,Licencia Gnomo #1950,https://docs.valentigamez.com/2357/_media/licencia-mecenas-gnomo.png,1950,2,,,,,,,1
Licencia Gnomo #1951,Licencia Gnomo #1951,https://docs.valentigamez.com/2357/_media/licencia-mecenas-gnomo.png,1951,2,,,,,,,1
Licencia Gnomo #1952,Licencia Gnomo #1952,https://docs.valentigamez.com/2357/_media/licencia-mecenas-gnomo.png,1952,2,,,,,,,1
Licencia Gnomo #1953,Licencia Gnomo #1953,https://docs.valentigamez.com/2357/_media/licencia-mecenas-gnomo.png,1953,2,,,,,,,1
Licencia Gnomo #1954,Licencia Gnomo #1954,https://docs.valentigamez.com/2357/_media/licencia-mecenas-gnomo.png,1954,2,,,,,,,1
Licencia Gnomo #1955,Licencia Gnomo #1955,https://docs.valentigamez.com/2357/_media/licencia-mecenas-gnomo.png,1955,2,,,,,,,1
Licencia Gnomo #1956,Licencia Gnomo #1956,https://docs.valentigamez.com/2357/_media/licencia-mecenas-gnomo.png,1956,2,,,,,,,1
Licencia Gnomo #1957,Licencia Gnomo #1957,https://docs.valentigamez.com/2357/_media/licencia-mecenas-gnomo.png,1957,2,,,,,,,1
Licencia Gnomo #1958,Licencia Gnomo #1958,https://docs.valentigamez.com/2357/_media/licencia-mecenas-gnomo.png,1958,2,,,,,,,1
Licencia Gnomo #1959,Licencia Gnomo #1959,https://docs.valentigamez.com/2357/_media/licencia-mecenas-gnomo.png,1959,2,,,,,,,1
Licencia Gnomo #1960,Licencia Gnomo #1960,https://docs.valentigamez.com/2357/_media/licencia-mecenas-gnomo.png,1960,2,,,,,,,1
Licencia Gnomo #1961,Licencia Gnomo #1961,https://docs.valentigamez.com/2357/_media/licencia-mecenas-gnomo.png,1961,2,,,,,,,1
Licencia Gnomo #1962,Licencia Gnomo #1962,https://docs.valentigamez.com/2357/_media/licencia-mecenas-gnomo.png,1962,2,,,,,,,1
Licencia Gnomo #1963,Licencia Gnomo #1963,https://docs.valentigamez.com/2357/_media/licencia-mecenas-gnomo.png,1963,2,,,,,,,1
Licencia Gnomo #1964,Licencia Gnomo #1964,https://docs.valentigamez.com/2357/_media/licencia-mecenas-gnomo.png,1964,2,,,,,,,1
Licencia Gnomo #1965,Licencia Gnomo #1965,https://docs.valentigamez.com/2357/_media/licencia-mecenas-gnomo.png,1965,2,,,,,,,1
Licencia Gnomo #1966,Licencia Gnomo #1966,https://docs.valentigamez.com/2357/_media/licencia-mecenas-gnomo.png,1966,2,,,,,,,1
Licencia Gnomo #1967,Licencia Gnomo #1967,https://docs.valentigamez.com/2357/_media/licencia-mecenas-gnomo.png,1967,2,,,,,,,1
Licencia Gnomo #1968,Licencia Gnomo #1968,https://docs.valentigamez.com/2357/_media/licencia-mecenas-gnomo.png,1968,2,,,,,,,1
Licencia Gnomo #1969,Licencia Gnomo #1969,https://docs.valentigamez.com/2357/_media/licencia-mecenas-gnomo.png,1969,2,,,,,,,1
Licencia Gnomo #1970,Licencia Gnomo #1970,https://docs.valentigamez.com/2357/_media/licencia-mecenas-gnomo.png,1970,2,,,,,,,1
Licencia Gnomo #1971,Licencia Gnomo #1971,https://docs.valentigamez.com/2357/_media/licencia-mecenas-gnomo.png,1971,2,,,,,,,1
Licencia Gnomo #1972,Licencia Gnomo #1972,https://docs.valentigamez.com/2357/_media/licencia-mecenas-gnomo.png,1972,2,,,,,,,1
Licencia Gnomo #1973,Licencia Gnomo #1973,https://docs.valentigamez.com/2357/_media/licencia-mecenas-gnomo.png,1973,2,,,,,,,1
Licencia Gnomo #1974,Licencia Gnomo #1974,https://docs.valentigamez.com/2357/_media/licencia-mecenas-gnomo.png,1974,2,,,,,,,1
Licencia Gnomo #1975,Licencia Gnomo #1975,https://docs.valentigamez.com/2357/_media/licencia-mecenas-gnomo.png,1975,2,,,,,,,1
Licencia Gnomo #1976,Licencia Gnomo #1976,https://docs.valentigamez.com/2357/_media/licencia-mecenas-gnomo.png,1976,2,,,,,,,1
Licencia Gnomo #1977,Licencia Gnomo #1977,https://docs.valentigamez.com/2357/_media/licencia-mecenas-gnomo.png,1977,2,,,,,,,1
Licencia Gnomo #1978,Licencia Gnomo #1978,https://docs.valentigamez.com/2357/_media/licencia-mecenas-gnomo.png,1978,2,,,,,,,1
Licencia Gnomo #1979,Licencia Gnomo #1979,https://docs.valentigamez.com/2357/_media/licencia-mecenas-gnomo.png,1979,2,,,,,,,1
Licencia Gnomo #1980,Licencia Gnomo #1980,https://docs.valentigamez.com/2357/_media/licencia-mecenas-gnomo.png,1980,2,,,,,,,1
Licencia Gnomo #1981,Licencia Gnomo #1981,https://docs.valentigamez.com/2357/_media/licencia-mecenas-gnomo.png,1981,2,,,,,,,1
Licencia Gnomo #1982,Licencia Gnomo #1982,https://docs.valentigamez.com/2357/_media/licencia-mecenas-gnomo.png,1982,2,,,,,,,1
Licencia Gnomo #1983,Licencia Gnomo #1983,https://docs.valentigamez.com/2357/_media/licencia-mecenas-gnomo.png,1983,2,,,,,,,1
Licencia Gnomo #1984,Licencia Gnomo #1984,https://docs.valentigamez.com/2357/_media/licencia-mecenas-gnomo.png,1984,2,,,,,,,1
Licencia Gnomo #1985,Licencia Gnomo #1985,https://docs.valentigamez.com/2357/_media/licencia-mecenas-gnomo.png,1985,2,,,,,,,1
Licencia Gnomo #1986,Licencia Gnomo #1986,https://docs.valentigamez.com/2357/_media/licencia-mecenas-gnomo.png,1986,2,,,,,,,1
Licencia Gnomo #1987,Licencia Gnomo #1987,https://docs.valentigamez.com/2357/_media/licencia-mecenas-gnomo.png,1987,2,,,,,,,1
Licencia Gnomo #1988,Licencia Gnomo #1988,https://docs.valentigamez.com/2357/_media/licencia-mecenas-gnomo.png,1988,2,,,,,,,1
Licencia Gnomo #1989,Licencia Gnomo #1989,https://docs.valentigamez.com/2357/_media/licencia-mecenas-gnomo.png,1989,2,,,,,,,1
Licencia Gnomo #1990,Licencia Gnomo #1990,https://docs.valentigamez.com/2357/_media/licencia-mecenas-gnomo.png,1990,2,,,,,,,1
Licencia Gnomo #1991,Licencia Gnomo #1991,https://docs.valentigamez.com/2357/_media/licencia-mecenas-gnomo.png,1991,2,,,,,,,1
Licencia Gnomo #1992,Licencia Gnomo #1992,https://docs.valentigamez.com/2357/_media/licencia-mecenas-gnomo.png,1992,2,,,,,,,1
Licencia Gnomo #1993,Licencia Gnomo #1993,https://docs.valentigamez.com/2357/_media/licencia-mecenas-gnomo.png,1993,2,,,,,,,1
Licencia Gnomo #1994,Licencia Gnomo #1994,https://docs.valentigamez.com/2357/_media/licencia-mecenas-gnomo.png,1994,2,,,,,,,1
Licencia Gnomo #1995,Licencia Gnomo #1995,https://docs.valentigamez.com/2357/_media/licencia-mecenas-gnomo.png,1995,2,,,,,,,1
Licencia Gnomo #1996,Licencia Gnomo #1996,https://docs.valentigamez.com/2357/_media/licencia-mecenas-gnomo.png,1996,2,,,,,,,1
Licencia Gnomo #1997,Licencia Gnomo #1997,https://docs.valentigamez.com/2357/_media/licencia-mecenas-gnomo.png,1997,2,,,,,,,1
Licencia Gnomo #1998,Licencia Gnomo #1998,https://docs.valentigamez.com/2357/_media/licencia-mecenas-gnomo.png,1998,2,,,,,,,1
Licencia Gnomo #1999,Licencia Gnomo #1999,https://docs.valentigamez.com/2357/_media/licencia-mecenas-gnomo.png,1999,2,,,,,,,1
Licencia Gnomo #2000,Licencia Gnomo #2000,https://docs.valentigamez.com/2357/_media/licencia-mecenas-gnomo.png,2000,2,,,,,,,1
Licencia Gnomo #2001,Licencia Gnomo #2001,https://docs.valentigamez.com/2357/_media/licencia-mecenas-gnomo.png,2001,2,,,,,,,1
Licencia Gnomo #2002,Licencia Gnomo #2002,https://docs.valentigamez.com/2357/_media/licencia-mecenas-gnomo.png,2002,2,,,,,,,1
Licencia Gnomo #2003,Licencia Gnomo #2003,https://docs.valentigamez.com/2357/_media/licencia-mecenas-gnomo.png,2003,2,,,,,,,1
Licencia Gnomo #2004,Licencia Gnomo #2004,https://docs.valentigamez.com/2357/_media/licencia-mecenas-gnomo.png,2004,2,,,,,,,1
Licencia Gnomo #2005,Licencia Gnomo #2005,https://docs.valentigamez.com/2357/_media/licencia-mecenas-gnomo.png,2005,2,,,,,,,1
Licencia Gnomo #2006,Licencia Gnomo #2006,https://docs.valentigamez.com/2357/_media/licencia-mecenas-gnomo.png,2006,2,,,,,,,1
Licencia Gnomo #2007,Licencia Gnomo #2007,https://docs.valentigamez.com/2357/_media/licencia-mecenas-gnomo.png,2007,2,,,,,,,1
Licencia Gnomo #2008,Licencia Gnomo #2008,https://docs.valentigamez.com/2357/_media/licencia-mecenas-gnomo.png,2008,2,,,,,,,1
Licencia Gnomo #2009,Licencia Gnomo #2009,https://docs.valentigamez.com/2357/_media/licencia-mecenas-gnomo.png,2009,2,,,,,,,1
Licencia Gnomo #2010,Licencia Gnomo #2010,https://docs.valentigamez.com/2357/_media/licencia-mecenas-gnomo.png,2010,2,,,,,,,1
Licencia Gnomo #2011,Licencia Gnomo #2011,https://docs.valentigamez.com/2357/_media/licencia-mecenas-gnomo.png,2011,2,,,,,,,1
Licencia Gnomo #2012,Licencia Gnomo #2012,https://docs.valentigamez.com/2357/_media/licencia-mecenas-gnomo.png,2012,2,,,,,,,1
Licencia Gnomo #2013,Licencia Gnomo #2013,https://docs.valentigamez.com/2357/_media/licencia-mecenas-gnomo.png,2013,2,,,,,,,1
Licencia Gnomo #2014,Licencia Gnomo #2014,https://docs.valentigamez.com/2357/_media/licencia-mecenas-gnomo.png,2014,2,,,,,,,1
Licencia Gnomo #2015,Licencia Gnomo #2015,https://docs.valentigamez.com/2357/_media/licencia-mecenas-gnomo.png,2015,2,,,,,,,1
Licencia Gnomo #2016,Licencia Gnomo #2016,https://docs.valentigamez.com/2357/_media/licencia-mecenas-gnomo.png,2016,2,,,,,,,1
Licencia Gnomo #2017,Licencia Gnomo #2017,https://docs.valentigamez.com/2357/_media/licencia-mecenas-gnomo.png,2017,2,,,,,,,1
Licencia Gnomo #2018,Licencia Gnomo #2018,https://docs.valentigamez.com/2357/_media/licencia-mecenas-gnomo.png,2018,2,,,,,,,1
Licencia Gnomo #2019,Licencia Gnomo #2019,https://docs.valentigamez.com/2357/_media/licencia-mecenas-gnomo.png,2019,2,,,,,,,1
Licencia Gnomo #2020,Licencia Gnomo #2020,https://docs.valentigamez.com/2357/_media/licencia-mecenas-gnomo.png,2020,2,,,,,,,1
Licencia Gnomo #2021,Licencia Gnomo #2021,https://docs.valentigamez.com/2357/_media/licencia-mecenas-gnomo.png,2021,2,,,,,,,1
Licencia Gnomo #2022,Licencia Gnomo #2022,https://docs.valentigamez.com/2357/_media/licencia-mecenas-gnomo.png,2022,2,,,,,,,1
Licencia Gnomo #2023,Licencia Gnomo #2023,https://docs.valentigamez.com/2357/_media/licencia-mecenas-gnomo.png,2023,2,,,,,,,1
Licencia Gnomo #2024,Licencia Gnomo #2024,https://docs.valentigamez.com/2357/_media/licencia-mecenas-gnomo.png,2024,2,,,,,,,1
Licencia Gnomo #2025,Licencia Gnomo #2025,https://docs.valentigamez.com/2357/_media/licencia-mecenas-gnomo.png,2025,2,,,,,,,1
Licencia Gnomo #2026,Licencia Gnomo #2026,https://docs.valentigamez.com/2357/_media/licencia-mecenas-gnomo.png,2026,2,,,,,,,1
Licencia Gnomo #2027,Licencia Gnomo #2027,https://docs.valentigamez.com/2357/_media/licencia-mecenas-gnomo.png,2027,2,,,,,,,1
Licencia Gnomo #2028,Licencia Gnomo #2028,https://docs.valentigamez.com/2357/_media/licencia-mecenas-gnomo.png,2028,2,,,,,,,1
Licencia Gnomo #2029,Licencia Gnomo #2029,https://docs.valentigamez.com/2357/_media/licencia-mecenas-gnomo.png,2029,2,,,,,,,1
Licencia Gnomo #2030,Licencia Gnomo #2030,https://docs.valentigamez.com/2357/_media/licencia-mecenas-gnomo.png,2030,2,,,,,,,1
Licencia Gnomo #2031,Licencia Gnomo #2031,https://docs.valentigamez.com/2357/_media/licencia-mecenas-gnomo.png,2031,2,,,,,,,1
Licencia Gnomo #2032,Licencia Gnomo #2032,https://docs.valentigamez.com/2357/_media/licencia-mecenas-gnomo.png,2032,2,,,,,,,1
Licencia Gnomo #2033,Licencia Gnomo #2033,https://docs.valentigamez.com/2357/_media/licencia-mecenas-gnomo.png,2033,2,,,,,,,1
Licencia Gnomo #2034,Licencia Gnomo #2034,https://docs.valentigamez.com/2357/_media/licencia-mecenas-gnomo.png,2034,2,,,,,,,1
Licencia Gnomo #2035,Licencia Gnomo #2035,https://docs.valentigamez.com/2357/_media/licencia-mecenas-gnomo.png,2035,2,,,,,,,1
Licencia Gnomo #2036,Licencia Gnomo #2036,https://docs.valentigamez.com/2357/_media/licencia-mecenas-gnomo.png,2036,2,,,,,,,1
Licencia Gnomo #2037,Licencia Gnomo #2037,https://docs.valentigamez.com/2357/_media/licencia-mecenas-gnomo.png,2037,2,,,,,,,1
Licencia Gnomo #2038,Licencia Gnomo #2038,https://docs.valentigamez.com/2357/_media/licencia-mecenas-gnomo.png,2038,2,,,,,,,1
Licencia Gnomo #2039,Licencia Gnomo #2039,https://docs.valentigamez.com/2357/_media/licencia-mecenas-gnomo.png,2039,2,,,,,,,1
Licencia Gnomo #2040,Licencia Gnomo #2040,https://docs.valentigamez.com/2357/_media/licencia-mecenas-gnomo.png,2040,2,,,,,,,1
Licencia Gnomo #2041,Licencia Gnomo #2041,https://docs.valentigamez.com/2357/_media/licencia-mecenas-gnomo.png,2041,2,,,,,,,1
Licencia Gnomo #2042,Licencia Gnomo #2042,https://docs.valentigamez.com/2357/_media/licencia-mecenas-gnomo.png,2042,2,,,,,,,1
Licencia Gnomo #2043,Licencia Gnomo #2043,https://docs.valentigamez.com/2357/_media/licencia-mecenas-gnomo.png,2043,2,,,,,,,1
Licencia Gnomo #2044,Licencia Gnomo #2044,https://docs.valentigamez.com/2357/_media/licencia-mecenas-gnomo.png,2044,2,,,,,,,1
Licencia Gnomo #2045,Licencia Gnomo #2045,https://docs.valentigamez.com/2357/_media/licencia-mecenas-gnomo.png,2045,2,,,,,,,1
Licencia Gnomo #2046,Licencia Gnomo #2046,https://docs.valentigamez.com/2357/_media/licencia-mecenas-gnomo.png,2046,2,,,,,,,1
Licencia Gnomo #2047,Licencia Gnomo #2047,https://docs.valentigamez.com/2357/_media/licencia-mecenas-gnomo.png,2047,2,,,,,,,1
Licencia Gnomo #2048,Licencia Gnomo #2048,https://docs.valentigamez.com/2357/_media/licencia-mecenas-gnomo.png,2048,2,,,,,,,1
Licencia Gnomo #2049,Licencia Gnomo #2049,https://docs.valentigamez.com/2357/_media/licencia-mecenas-gnomo.png,2049,2,,,,,,,1
Licencia Gnomo #2050,Licencia Gnomo #2050,https://docs.valentigamez.com/2357/_media/licencia-mecenas-gnomo.png,2050,2,,,,,,,1
Licencia Gnomo #2051,Licencia Gnomo #2051,https://docs.valentigamez.com/2357/_media/licencia-mecenas-gnomo.png,2051,2,,,,,,,1
Licencia Gnomo #2052,Licencia Gnomo #2052,https://docs.valentigamez.com/2357/_media/licencia-mecenas-gnomo.png,2052,2,,,,,,,1
Licencia Gnomo #2053,Licencia Gnomo #2053,https://docs.valentigamez.com/2357/_media/licencia-mecenas-gnomo.png,2053,2,,,,,,,1
Licencia Gnomo #2054,Licencia Gnomo #2054,https://docs.valentigamez.com/2357/_media/licencia-mecenas-gnomo.png,2054,2,,,,,,,1
Licencia Gnomo #2055,Licencia Gnomo #2055,https://docs.valentigamez.com/2357/_media/licencia-mecenas-gnomo.png,2055,2,,,,,,,1
Licencia Gnomo #2056,Licencia Gnomo #2056,https://docs.valentigamez.com/2357/_media/licencia-mecenas-gnomo.png,2056,2,,,,,,,1
Licencia Gnomo #2057,Licencia Gnomo #2057,https://docs.valentigamez.com/2357/_media/licencia-mecenas-gnomo.png,2057,2,,,,,,,1
Licencia Gnomo #2058,Licencia Gnomo #2058,https://docs.valentigamez.com/2357/_media/licencia-mecenas-gnomo.png,2058,2,,,,,,,1
Licencia Gnomo #2059,Licencia Gnomo #2059,https://docs.valentigamez.com/2357/_media/licencia-mecenas-gnomo.png,2059,2,,,,,,,1
Licencia Gnomo #2060,Licencia Gnomo #2060,https://docs.valentigamez.com/2357/_media/licencia-mecenas-gnomo.png,2060,2,,,,,,,1
Licencia Gnomo #2061,Licencia Gnomo #2061,https://docs.valentigamez.com/2357/_media/licencia-mecenas-gnomo.png,2061,2,,,,,,,1
Licencia Gnomo #2062,Licencia Gnomo #2062,https://docs.valentigamez.com/2357/_media/licencia-mecenas-gnomo.png,2062,2,,,,,,,1
Licencia Gnomo #2063,Licencia Gnomo #2063,https://docs.valentigamez.com/2357/_media/licencia-mecenas-gnomo.png,2063,2,,,,,,,1
Licencia Gnomo #2064,Licencia Gnomo #2064,https://docs.valentigamez.com/2357/_media/licencia-mecenas-gnomo.png,2064,2,,,,,,,1
Licencia Gnomo #2065,Licencia Gnomo #2065,https://docs.valentigamez.com/2357/_media/licencia-mecenas-gnomo.png,2065,2,,,,,,,1
Licencia Gnomo #2066,Licencia Gnomo #2066,https://docs.valentigamez.com/2357/_media/licencia-mecenas-gnomo.png,2066,2,,,,,,,1
Licencia Gnomo #2067,Licencia Gnomo #2067,https://docs.valentigamez.com/2357/_media/licencia-mecenas-gnomo.png,2067,2,,,,,,,1
Licencia Gnomo #2068,Licencia Gnomo #2068,https://docs.valentigamez.com/2357/_media/licencia-mecenas-gnomo.png,2068,2,,,,,,,1
Licencia Gnomo #2069,Licencia Gnomo #2069,https://docs.valentigamez.com/2357/_media/licencia-mecenas-gnomo.png,2069,2,,,,,,,1
Licencia Gnomo #2070,Licencia Gnomo #2070,https://docs.valentigamez.com/2357/_media/licencia-mecenas-gnomo.png,2070,2,,,,,,,1
Licencia Gnomo #2071,Licencia Gnomo #2071,https://docs.valentigamez.com/2357/_media/licencia-mecenas-gnomo.png,2071,2,,,,,,,1
Licencia Gnomo #2072,Licencia Gnomo #2072,https://docs.valentigamez.com/2357/_media/licencia-mecenas-gnomo.png,2072,2,,,,,,,1
Licencia Gnomo #2073,Licencia Gnomo #2073,https://docs.valentigamez.com/2357/_media/licencia-mecenas-gnomo.png,2073,2,,,,,,,1
Licencia Gnomo #2074,Licencia Gnomo #2074,https://docs.valentigamez.com/2357/_media/licencia-mecenas-gnomo.png,2074,2,,,,,,,1
Licencia Gnomo #2075,Licencia Gnomo #2075,https://docs.valentigamez.com/2357/_media/licencia-mecenas-gnomo.png,2075,2,,,,,,,1
Licencia Gnomo #2076,Licencia Gnomo #2076,https://docs.valentigamez.com/2357/_media/licencia-mecenas-gnomo.png,2076,2,,,,,,,1
Licencia Gnomo #2077,Licencia Gnomo #2077,https://docs.valentigamez.com/2357/_media/licencia-mecenas-gnomo.png,2077,2,,,,,,,1
Licencia Gnomo #2078,Licencia Gnomo #2078,https://docs.valentigamez.com/2357/_media/licencia-mecenas-gnomo.png,2078,2,,,,,,,1
Licencia Gnomo #2079,Licencia Gnomo #2079,https://docs.valentigamez.com/2357/_media/licencia-mecenas-gnomo.png,2079,2,,,,,,,1
Licencia Gnomo #2080,Licencia Gnomo #2080,https://docs.valentigamez.com/2357/_media/licencia-mecenas-gnomo.png,2080,2,,,,,,,1
Licencia Gnomo #2081,Licencia Gnomo #2081,https://docs.valentigamez.com/2357/_media/licencia-mecenas-gnomo.png,2081,2,,,,,,,1
Licencia Gnomo #2082,Licencia Gnomo #2082,https://docs.valentigamez.com/2357/_media/licencia-mecenas-gnomo.png,2082,2,,,,,,,1
Licencia Gnomo #2083,Licencia Gnomo #2083,https://docs.valentigamez.com/2357/_media/licencia-mecenas-gnomo.png,2083,2,,,,,,,1
Licencia Gnomo #2084,Licencia Gnomo #2084,https://docs.valentigamez.com/2357/_media/licencia-mecenas-gnomo.png,2084,2,,,,,,,1
Licencia Gnomo #2085,Licencia Gnomo #2085,https://docs.valentigamez.com/2357/_media/licencia-mecenas-gnomo.png,2085,2,,,,,,,1
Licencia Gnomo #2086,Licencia Gnomo #2086,https://docs.valentigamez.com/2357/_media/licencia-mecenas-gnomo.png,2086,2,,,,,,,1
Licencia Gnomo #2087,Licencia Gnomo #2087,https://docs.valentigamez.com/2357/_media/licencia-mecenas-gnomo.png,2087,2,,,,,,,1
Licencia Gnomo #2088,Licencia Gnomo #2088,https://docs.valentigamez.com/2357/_media/licencia-mecenas-gnomo.png,2088,2,,,,,,,1
Licencia Gnomo #2089,Licencia Gnomo #2089,https://docs.valentigamez.com/2357/_media/licencia-mecenas-gnomo.png,2089,2,,,,,,,1
Licencia Gnomo #2090,Licencia Gnomo #2090,https://docs.valentigamez.com/2357/_media/licencia-mecenas-gnomo.png,2090,2,,,,,,,1
Licencia Gnomo #2091,Licencia Gnomo #2091,https://docs.valentigamez.com/2357/_media/licencia-mecenas-gnomo.png,2091,2,,,,,,,1
Licencia Gnomo #2092,Licencia Gnomo #2092,https://docs.valentigamez.com/2357/_media/licencia-mecenas-gnomo.png,2092,2,,,,,,,1
Licencia Gnomo #2093,Licencia Gnomo #2093,https://docs.valentigamez.com/2357/_media/licencia-mecenas-gnomo.png,2093,2,,,,,,,1
Licencia Gnomo #2094,Licencia Gnomo #2094,https://docs.valentigamez.com/2357/_media/licencia-mecenas-gnomo.png,2094,2,,,,,,,1
Licencia Gnomo #2095,Licencia Gnomo #2095,https://docs.valentigamez.com/2357/_media/licencia-mecenas-gnomo.png,2095,2,,,,,,,1
Licencia Gnomo #2096,Licencia Gnomo #2096,https://docs.valentigamez.com/2357/_media/licencia-mecenas-gnomo.png,2096,2,,,,,,,1
Licencia Gnomo #2097,Licencia Gnomo #2097,https://docs.valentigamez.com/2357/_media/licencia-mecenas-gnomo.png,2097,2,,,,,,,1
Licencia Gnomo #2098,Licencia Gnomo #2098,https://docs.valentigamez.com/2357/_media/licencia-mecenas-gnomo.png,2098,2,,,,,,,1
Licencia Gnomo #2099,Licencia Gnomo #2099,https://docs.valentigamez.com/2357/_media/licencia-mecenas-gnomo.png,2099,2,,,,,,,1
Licencia Gnomo #2100,Licencia Gnomo #2100,https://docs.valentigamez.com/2357/_media/licencia-mecenas-gnomo.png,2100,2,,,,,,,1
Licencia Gnomo #2101,Licencia Gnomo #2101,https://docs.valentigamez.com/2357/_media/licencia-mecenas-gnomo.png,2101,2,,,,,,,1
Licencia Gnomo #2102,Licencia Gnomo #2102,https://docs.valentigamez.com/2357/_media/licencia-mecenas-gnomo.png,2102,2,,,,,,,1
Licencia Gnomo #2103,Licencia Gnomo #2103,https://docs.valentigamez.com/2357/_media/licencia-mecenas-gnomo.png,2103,2,,,,,,,1
Licencia Gnomo #2104,Licencia Gnomo #2104,https://docs.valentigamez.com/2357/_media/licencia-mecenas-gnomo.png,2104,2,,,,,,,1
Licencia Gnomo #2105,Licencia Gnomo #2105,https://docs.valentigamez.com/2357/_media/licencia-mecenas-gnomo.png,2105,2,,,,,,,1
Licencia Gnomo #2106,Licencia Gnomo #2106,https://docs.valentigamez.com/2357/_media/licencia-mecenas-gnomo.png,2106,2,,,,,,,1
Licencia Gnomo #2107,Licencia Gnomo #2107,https://docs.valentigamez.com/2357/_media/licencia-mecenas-gnomo.png,2107,2,,,,,,,1
Licencia Gnomo #2108,Licencia Gnomo #2108,https://docs.valentigamez.com/2357/_media/licencia-mecenas-gnomo.png,2108,2,,,,,,,1
Licencia Gnomo #2109,Licencia Gnomo #2109,https://docs.valentigamez.com/2357/_media/licencia-mecenas-gnomo.png,2109,2,,,,,,,1
Licencia Gnomo #2110,Licencia Gnomo #2110,https://docs.valentigamez.com/2357/_media/licencia-mecenas-gnomo.png,2110,2,,,,,,,1
Licencia Gnomo #2111,Licencia Gnomo #2111,https://docs.valentigamez.com/2357/_media/licencia-mecenas-gnomo.png,2111,2,,,,,,,1
Licencia Gnomo #2112,Licencia Gnomo #2112,https://docs.valentigamez.com/2357/_media/licencia-mecenas-gnomo.png,2112,2,,,,,,,1
Licencia Gnomo #2113,Licencia Gnomo #2113,https://docs.valentigamez.com/2357/_media/licencia-mecenas-gnomo.png,2113,2,,,,,,,1
Licencia Gnomo #2114,Licencia Gnomo #2114,https://docs.valentigamez.com/2357/_media/licencia-mecenas-gnomo.png,2114,2,,,,,,,1
Licencia Gnomo #2115,Licencia Gnomo #2115,https://docs.valentigamez.com/2357/_media/licencia-mecenas-gnomo.png,2115,2,,,,,,,1
Licencia Gnomo #2116,Licencia Gnomo #2116,https://docs.valentigamez.com/2357/_media/licencia-mecenas-gnomo.png,2116,2,,,,,,,1
Licencia Gnomo #2117,Licencia Gnomo #2117,https://docs.valentigamez.com/2357/_media/licencia-mecenas-gnomo.png,2117,2,,,,,,,1
Licencia Gnomo #2118,Licencia Gnomo #2118,https://docs.valentigamez.com/2357/_media/licencia-mecenas-gnomo.png,2118,2,,,,,,,1
Licencia Gnomo #2119,Licencia Gnomo #2119,https://docs.valentigamez.com/2357/_media/licencia-mecenas-gnomo.png,2119,2,,,,,,,1
Licencia Gnomo #2120,Licencia Gnomo #2120,https://docs.valentigamez.com/2357/_media/licencia-mecenas-gnomo.png,2120,2,,,,,,,1
Licencia Gnomo #2121,Licencia Gnomo #2121,https://docs.valentigamez.com/2357/_media/licencia-mecenas-gnomo.png,2121,2,,,,,,,1
Licencia Gnomo #2122,Licencia Gnomo #2122,https://docs.valentigamez.com/2357/_media/licencia-mecenas-gnomo.png,2122,2,,,,,,,1
Licencia Gnomo #2123,Licencia Gnomo #2123,https://docs.valentigamez.com/2357/_media/licencia-mecenas-gnomo.png,2123,2,,,,,,,1
Licencia Gnomo #2124,Licencia Gnomo #2124,https://docs.valentigamez.com/2357/_media/licencia-mecenas-gnomo.png,2124,2,,,,,,,1
Licencia Gnomo #2125,Licencia Gnomo #2125,https://docs.valentigamez.com/2357/_media/licencia-mecenas-gnomo.png,2125,2,,,,,,,1
Licencia Gnomo #2126,Licencia Gnomo #2126,https://docs.valentigamez.com/2357/_media/licencia-mecenas-gnomo.png,2126,2,,,,,,,1
Licencia Gnomo #2127,Licencia Gnomo #2127,https://docs.valentigamez.com/2357/_media/licencia-mecenas-gnomo.png,2127,2,,,,,,,1
Licencia Gnomo #2128,Licencia Gnomo #2128,https://docs.valentigamez.com/2357/_media/licencia-mecenas-gnomo.png,2128,2,,,,,,,1
Licencia Gnomo #2129,Licencia Gnomo #2129,https://docs.valentigamez.com/2357/_media/licencia-mecenas-gnomo.png,2129,2,,,,,,,1
Licencia Gnomo #2130,Licencia Gnomo #2130,https://docs.valentigamez.com/2357/_media/licencia-mecenas-gnomo.png,2130,2,,,,,,,1
Licencia Gnomo #2131,Licencia Gnomo #2131,https://docs.valentigamez.com/2357/_media/licencia-mecenas-gnomo.png,2131,2,,,,,,,1
Licencia Gnomo #2132,Licencia Gnomo #2132,https://docs.valentigamez.com/2357/_media/licencia-mecenas-gnomo.png,2132,2,,,,,,,1
Licencia Gnomo #2133,Licencia Gnomo #2133,https://docs.valentigamez.com/2357/_media/licencia-mecenas-gnomo.png,2133,2,,,,,,,1
Licencia Gnomo #2134,Licencia Gnomo #2134,https://docs.valentigamez.com/2357/_media/licencia-mecenas-gnomo.png,2134,2,,,,,,,1
Licencia Gnomo #2135,Licencia Gnomo #2135,https://docs.valentigamez.com/2357/_media/licencia-mecenas-gnomo.png,2135,2,,,,,,,1
Licencia Gnomo #2136,Licencia Gnomo #2136,https://docs.valentigamez.com/2357/_media/licencia-mecenas-gnomo.png,2136,2,,,,,,,1
Licencia Gnomo #2137,Licencia Gnomo #2137,https://docs.valentigamez.com/2357/_media/licencia-mecenas-gnomo.png,2137,2,,,,,,,1
Licencia Gnomo #2138,Licencia Gnomo #2138,https://docs.valentigamez.com/2357/_media/licencia-mecenas-gnomo.png,2138,2,,,,,,,1
Licencia Gnomo #2139,Licencia Gnomo #2139,https://docs.valentigamez.com/2357/_media/licencia-mecenas-gnomo.png,2139,2,,,,,,,1
Licencia Gnomo #2140,Licencia Gnomo #2140,https://docs.valentigamez.com/2357/_media/licencia-mecenas-gnomo.png,2140,2,,,,,,,1
Licencia Gnomo #2141,Licencia Gnomo #2141,https://docs.valentigamez.com/2357/_media/licencia-mecenas-gnomo.png,2141,2,,,,,,,1
Licencia Gnomo #2142,Licencia Gnomo #2142,https://docs.valentigamez.com/2357/_media/licencia-mecenas-gnomo.png,2142,2,,,,,,,1
Licencia Gnomo #2143,Licencia Gnomo #2143,https://docs.valentigamez.com/2357/_media/licencia-mecenas-gnomo.png,2143,2,,,,,,,1
Licencia Gnomo #2144,Licencia Gnomo #2144,https://docs.valentigamez.com/2357/_media/licencia-mecenas-gnomo.png,2144,2,,,,,,,1
Licencia Gnomo #2145,Licencia Gnomo #2145,https://docs.valentigamez.com/2357/_media/licencia-mecenas-gnomo.png,2145,2,,,,,,,1
Licencia Gnomo #2146,Licencia Gnomo #2146,https://docs.valentigamez.com/2357/_media/licencia-mecenas-gnomo.png,2146,2,,,,,,,1
Licencia Gnomo #2147,Licencia Gnomo #2147,https://docs.valentigamez.com/2357/_media/licencia-mecenas-gnomo.png,2147,2,,,,,,,1
Licencia Gnomo #2148,Licencia Gnomo #2148,https://docs.valentigamez.com/2357/_media/licencia-mecenas-gnomo.png,2148,2,,,,,,,1
Licencia Gnomo #2149,Licencia Gnomo #2149,https://docs.valentigamez.com/2357/_media/licencia-mecenas-gnomo.png,2149,2,,,,,,,1
Licencia Gnomo #2150,Licencia Gnomo #2150,https://docs.valentigamez.com/2357/_media/licencia-mecenas-gnomo.png,2150,2,,,,,,,1
Licencia Gnomo #2151,Licencia Gnomo #2151,https://docs.valentigamez.com/2357/_media/licencia-mecenas-gnomo.png,2151,2,,,,,,,1
Licencia Gnomo #2152,Licencia Gnomo #2152,https://docs.valentigamez.com/2357/_media/licencia-mecenas-gnomo.png,2152,2,,,,,,,1
Licencia Gnomo #2153,Licencia Gnomo #2153,https://docs.valentigamez.com/2357/_media/licencia-mecenas-gnomo.png,2153,2,,,,,,,1
Licencia Gnomo #2154,Licencia Gnomo #2154,https://docs.valentigamez.com/2357/_media/licencia-mecenas-gnomo.png,2154,2,,,,,,,1
Licencia Gnomo #2155,Licencia Gnomo #2155,https://docs.valentigamez.com/2357/_media/licencia-mecenas-gnomo.png,2155,2,,,,,,,1
Licencia Gnomo #2156,Licencia Gnomo #2156,https://docs.valentigamez.com/2357/_media/licencia-mecenas-gnomo.png,2156,2,,,,,,,1
Licencia Gnomo #2157,Licencia Gnomo #2157,https://docs.valentigamez.com/2357/_media/licencia-mecenas-gnomo.png,2157,2,,,,,,,1
Licencia Gnomo #2158,Licencia Gnomo #2158,https://docs.valentigamez.com/2357/_media/licencia-mecenas-gnomo.png,2158,2,,,,,,,1
Licencia Gnomo #2159,Licencia Gnomo #2159,https://docs.valentigamez.com/2357/_media/licencia-mecenas-gnomo.png,2159,2,,,,,,,1
Licencia Gnomo #2160,Licencia Gnomo #2160,https://docs.valentigamez.com/2357/_media/licencia-mecenas-gnomo.png,2160,2,,,,,,,1
Licencia Gnomo #2161,Licencia Gnomo #2161,https://docs.valentigamez.com/2357/_media/licencia-mecenas-gnomo.png,2161,2,,,,,,,1
Licencia Gnomo #2162,Licencia Gnomo #2162,https://docs.valentigamez.com/2357/_media/licencia-mecenas-gnomo.png,2162,2,,,,,,,1
Licencia Gnomo #2163,Licencia Gnomo #2163,https://docs.valentigamez.com/2357/_media/licencia-mecenas-gnomo.png,2163,2,,,,,,,1
Licencia Gnomo #2164,Licencia Gnomo #2164,https://docs.valentigamez.com/2357/_media/licencia-mecenas-gnomo.png,2164,2,,,,,,,1
Licencia Gnomo #2165,Licencia Gnomo #2165,https://docs.valentigamez.com/2357/_media/licencia-mecenas-gnomo.png,2165,2,,,,,,,1
Licencia Gnomo #2166,Licencia Gnomo #2166,https://docs.valentigamez.com/2357/_media/licencia-mecenas-gnomo.png,2166,2,,,,,,,1
Licencia Gnomo #2167,Licencia Gnomo #2167,https://docs.valentigamez.com/2357/_media/licencia-mecenas-gnomo.png,2167,2,,,,,,,1
Licencia Gnomo #2168,Licencia Gnomo #2168,https://docs.valentigamez.com/2357/_media/licencia-mecenas-gnomo.png,2168,2,,,,,,,1
Licencia Gnomo #2169,Licencia Gnomo #2169,https://docs.valentigamez.com/2357/_media/licencia-mecenas-gnomo.png,2169,2,,,,,,,1
Licencia Gnomo #2170,Licencia Gnomo #2170,https://docs.valentigamez.com/2357/_media/licencia-mecenas-gnomo.png,2170,2,,,,,,,1
Licencia Gnomo #2171,Licencia Gnomo #2171,https://docs.valentigamez.com/2357/_media/licencia-mecenas-gnomo.png,2171,2,,,,,,,1
Licencia Gnomo #2172,Licencia Gnomo #2172,https://docs.valentigamez.com/2357/_media/licencia-mecenas-gnomo.png,2172,2,,,,,,,1
Licencia Gnomo #2173,Licencia Gnomo #2173,https://docs.valentigamez.com/2357/_media/licencia-mecenas-gnomo.png,2173,2,,,,,,,1
Licencia Gnomo #2174,Licencia Gnomo #2174,https://docs.valentigamez.com/2357/_media/licencia-mecenas-gnomo.png,2174,2,,,,,,,1
Licencia Gnomo #2175,Licencia Gnomo #2175,https://docs.valentigamez.com/2357/_media/licencia-mecenas-gnomo.png,2175,2,,,,,,,1
Licencia Gnomo #2176,Licencia Gnomo #2176,https://docs.valentigamez.com/2357/_media/licencia-mecenas-gnomo.png,2176,2,,,,,,,1
Licencia Gnomo #2177,Licencia Gnomo #2177,https://docs.valentigamez.com/2357/_media/licencia-mecenas-gnomo.png,2177,2,,,,,,,1
Licencia Gnomo #2178,Licencia Gnomo #2178,https://docs.valentigamez.com/2357/_media/licencia-mecenas-gnomo.png,2178,2,,,,,,,1
Licencia Gnomo #2179,Licencia Gnomo #2179,https://docs.valentigamez.com/2357/_media/licencia-mecenas-gnomo.png,2179,2,,,,,,,1
Licencia Gnomo #2180,Licencia Gnomo #2180,https://docs.valentigamez.com/2357/_media/licencia-mecenas-gnomo.png,2180,2,,,,,,,1
Licencia Gnomo #2181,Licencia Gnomo #2181,https://docs.valentigamez.com/2357/_media/licencia-mecenas-gnomo.png,2181,2,,,,,,,1
Licencia Gnomo #2182,Licencia Gnomo #2182,https://docs.valentigamez.com/2357/_media/licencia-mecenas-gnomo.png,2182,2,,,,,,,1
Licencia Gnomo #2183,Licencia Gnomo #2183,https://docs.valentigamez.com/2357/_media/licencia-mecenas-gnomo.png,2183,2,,,,,,,1
Licencia Gnomo #2184,Licencia Gnomo #2184,https://docs.valentigamez.com/2357/_media/licencia-mecenas-gnomo.png,2184,2,,,,,,,1
Licencia Gnomo #2185,Licencia Gnomo #2185,https://docs.valentigamez.com/2357/_media/licencia-mecenas-gnomo.png,2185,2,,,,,,,1
Licencia Gnomo #2186,Licencia Gnomo #2186,https://docs.valentigamez.com/2357/_media/licencia-mecenas-gnomo.png,2186,2,,,,,,,1
Licencia Gnomo #2187,Licencia Gnomo #2187,https://docs.valentigamez.com/2357/_media/licencia-mecenas-gnomo.png,2187,2,,,,,,,1
Licencia Gnomo #2188,Licencia Gnomo #2188,https://docs.valentigamez.com/2357/_media/licencia-mecenas-gnomo.png,2188,2,,,,,,,1
Licencia Gnomo #2189,Licencia Gnomo #2189,https://docs.valentigamez.com/2357/_media/licencia-mecenas-gnomo.png,2189,2,,,,,,,1
Licencia Gnomo #2190,Licencia Gnomo #2190,https://docs.valentigamez.com/2357/_media/licencia-mecenas-gnomo.png,2190,2,,,,,,,1
Licencia Gnomo #2191,Licencia Gnomo #2191,https://docs.valentigamez.com/2357/_media/licencia-mecenas-gnomo.png,2191,2,,,,,,,1
Licencia Gnomo #2192,Licencia Gnomo #2192,https://docs.valentigamez.com/2357/_media/licencia-mecenas-gnomo.png,2192,2,,,,,,,1
Licencia Gnomo #2193,Licencia Gnomo #2193,https://docs.valentigamez.com/2357/_media/licencia-mecenas-gnomo.png,2193,2,,,,,,,1
Licencia Gnomo #2194,Licencia Gnomo #2194,https://docs.valentigamez.com/2357/_media/licencia-mecenas-gnomo.png,2194,2,,,,,,,1
Licencia Gnomo #2195,Licencia Gnomo #2195,https://docs.valentigamez.com/2357/_media/licencia-mecenas-gnomo.png,2195,2,,,,,,,1
Licencia Gnomo #2196,Licencia Gnomo #2196,https://docs.valentigamez.com/2357/_media/licencia-mecenas-gnomo.png,2196,2,,,,,,,1
Licencia Gnomo #2197,Licencia Gnomo #2197,https://docs.valentigamez.com/2357/_media/licencia-mecenas-gnomo.png,2197,2,,,,,,,1
Licencia Gnomo #2198,Licencia Gnomo #2198,https://docs.valentigamez.com/2357/_media/licencia-mecenas-gnomo.png,2198,2,,,,,,,1
Licencia Gnomo #2199,Licencia Gnomo #2199,https://docs.valentigamez.com/2357/_media/licencia-mecenas-gnomo.png,2199,2,,,,,,,1
Licencia Gnomo #2200,Licencia Gnomo #2200,https://docs.valentigamez.com/2357/_media/licencia-mecenas-gnomo.png,2200,2,,,,,,,1
Licencia Gnomo #2201,Licencia Gnomo #2201,https://docs.valentigamez.com/2357/_media/licencia-mecenas-gnomo.png,2201,2,,,,,,,1
Licencia Gnomo #2202,Licencia Gnomo #2202,https://docs.valentigamez.com/2357/_media/licencia-mecenas-gnomo.png,2202,2,,,,,,,1
Licencia Gnomo #2203,Licencia Gnomo #2203,https://docs.valentigamez.com/2357/_media/licencia-mecenas-gnomo.png,2203,2,,,,,,,1
Licencia Gnomo #2204,Licencia Gnomo #2204,https://docs.valentigamez.com/2357/_media/licencia-mecenas-gnomo.png,2204,2,,,,,,,1
Licencia Gnomo #2205,Licencia Gnomo #2205,https://docs.valentigamez.com/2357/_media/licencia-mecenas-gnomo.png,2205,2,,,,,,,1
Licencia Gnomo #2206,Licencia Gnomo #2206,https://docs.valentigamez.com/2357/_media/licencia-mecenas-gnomo.png,2206,2,,,,,,,1
Licencia Gnomo #2207,Licencia Gnomo #2207,https://docs.valentigamez.com/2357/_media/licencia-mecenas-gnomo.png,2207,2,,,,,,,1
Licencia Gnomo #2208,Licencia Gnomo #2208,https://docs.valentigamez.com/2357/_media/licencia-mecenas-gnomo.png,2208,2,,,,,,,1
Licencia Gnomo #2209,Licencia Gnomo #2209,https://docs.valentigamez.com/2357/_media/licencia-mecenas-gnomo.png,2209,2,,,,,,,1
Licencia Gnomo #2210,Licencia Gnomo #2210,https://docs.valentigamez.com/2357/_media/licencia-mecenas-gnomo.png,2210,2,,,,,,,1
Licencia Gnomo #2211,Licencia Gnomo #2211,https://docs.valentigamez.com/2357/_media/licencia-mecenas-gnomo.png,2211,2,,,,,,,1
Licencia Gnomo #2212,Licencia Gnomo #2212,https://docs.valentigamez.com/2357/_media/licencia-mecenas-gnomo.png,2212,2,,,,,,,1
Licencia Gnomo #2213,Licencia Gnomo #2213,https://docs.valentigamez.com/2357/_media/licencia-mecenas-gnomo.png,2213,2,,,,,,,1
Licencia Gnomo #2214,Licencia Gnomo #2214,https://docs.valentigamez.com/2357/_media/licencia-mecenas-gnomo.png,2214,2,,,,,,,1
Licencia Gnomo #2215,Licencia Gnomo #2215,https://docs.valentigamez.com/2357/_media/licencia-mecenas-gnomo.png,2215,2,,,,,,,1
Licencia Gnomo #2216,Licencia Gnomo #2216,https://docs.valentigamez.com/2357/_media/licencia-mecenas-gnomo.png,2216,2,,,,,,,1
Licencia Gnomo #2217,Licencia Gnomo #2217,https://docs.valentigamez.com/2357/_media/licencia-mecenas-gnomo.png,2217,2,,,,,,,1
Licencia Gnomo #2218,Licencia Gnomo #2218,https://docs.valentigamez.com/2357/_media/licencia-mecenas-gnomo.png,2218,2,,,,,,,1
Licencia Gnomo #2219,Licencia Gnomo #2219,https://docs.valentigamez.com/2357/_media/licencia-mecenas-gnomo.png,2219,2,,,,,,,1
Licencia Gnomo #2220,Licencia Gnomo #2220,https://docs.valentigamez.com/2357/_media/licencia-mecenas-gnomo.png,2220,2,,,,,,,1
Licencia Gnomo #2221,Licencia Gnomo #2221,https://docs.valentigamez.com/2357/_media/licencia-mecenas-gnomo.png,2221,2,,,,,,,1
Licencia Gnomo #2222,Licencia Gnomo #2222,https://docs.valentigamez.com/2357/_media/licencia-mecenas-gnomo.png,2222,2,,,,,,,1
Licencia Gnomo #2223,Licencia Gnomo #2223,https://docs.valentigamez.com/2357/_media/licencia-mecenas-gnomo.png,2223,2,,,,,,,1
Licencia Gnomo #2224,Licencia Gnomo #2224,https://docs.valentigamez.com/2357/_media/licencia-mecenas-gnomo.png,2224,2,,,,,,,1
Licencia Gnomo #2225,Licencia Gnomo #2225,https://docs.valentigamez.com/2357/_media/licencia-mecenas-gnomo.png,2225,2,,,,,,,1
Licencia Gnomo #2226,Licencia Gnomo #2226,https://docs.valentigamez.com/2357/_media/licencia-mecenas-gnomo.png,2226,2,,,,,,,1
Licencia Gnomo #2227,Licencia Gnomo #2227,https://docs.valentigamez.com/2357/_media/licencia-mecenas-gnomo.png,2227,2,,,,,,,1
Licencia Gnomo #2228,Licencia Gnomo #2228,https://docs.valentigamez.com/2357/_media/licencia-mecenas-gnomo.png,2228,2,,,,,,,1
Licencia Gnomo #2229,Licencia Gnomo #2229,https://docs.valentigamez.com/2357/_media/licencia-mecenas-gnomo.png,2229,2,,,,,,,1
Licencia Gnomo #2230,Licencia Gnomo #2230,https://docs.valentigamez.com/2357/_media/licencia-mecenas-gnomo.png,2230,2,,,,,,,1
Licencia Gnomo #2231,Licencia Gnomo #2231,https://docs.valentigamez.com/2357/_media/licencia-mecenas-gnomo.png,2231,2,,,,,,,1
Licencia Gnomo #2232,Licencia Gnomo #2232,https://docs.valentigamez.com/2357/_media/licencia-mecenas-gnomo.png,2232,2,,,,,,,1
Licencia Gnomo #2233,Licencia Gnomo #2233,https://docs.valentigamez.com/2357/_media/licencia-mecenas-gnomo.png,2233,2,,,,,,,1
Licencia Gnomo #2234,Licencia Gnomo #2234,https://docs.valentigamez.com/2357/_media/licencia-mecenas-gnomo.png,2234,2,,,,,,,1
Licencia Gnomo #2235,Licencia Gnomo #2235,https://docs.valentigamez.com/2357/_media/licencia-mecenas-gnomo.png,2235,2,,,,,,,1
Licencia Gnomo #2236,Licencia Gnomo #2236,https://docs.valentigamez.com/2357/_media/licencia-mecenas-gnomo.png,2236,2,,,,,,,1
Licencia Gnomo #2237,Licencia Gnomo #2237,https://docs.valentigamez.com/2357/_media/licencia-mecenas-gnomo.png,2237,2,,,,,,,1
Licencia Gnomo #2238,Licencia Gnomo #2238,https://docs.valentigamez.com/2357/_media/licencia-mecenas-gnomo.png,2238,2,,,,,,,1
Licencia Gnomo #2239,Licencia Gnomo #2239,https://docs.valentigamez.com/2357/_media/licencia-mecenas-gnomo.png,2239,2,,,,,,,1
Licencia Gnomo #2240,Licencia Gnomo #2240,https://docs.valentigamez.com/2357/_media/licencia-mecenas-gnomo.png,2240,2,,,,,,,1
Licencia Gnomo #2241,Licencia Gnomo #2241,https://docs.valentigamez.com/2357/_media/licencia-mecenas-gnomo.png,2241,2,,,,,,,1
Licencia Gnomo #2242,Licencia Gnomo #2242,https://docs.valentigamez.com/2357/_media/licencia-mecenas-gnomo.png,2242,2,,,,,,,1
Licencia Gnomo #2243,Licencia Gnomo #2243,https://docs.valentigamez.com/2357/_media/licencia-mecenas-gnomo.png,2243,2,,,,,,,1
Licencia Gnomo #2244,Licencia Gnomo #2244,https://docs.valentigamez.com/2357/_media/licencia-mecenas-gnomo.png,2244,2,,,,,,,1
Licencia Gnomo #2245,Licencia Gnomo #2245,https://docs.valentigamez.com/2357/_media/licencia-mecenas-gnomo.png,2245,2,,,,,,,1
Licencia Gnomo #2246,Licencia Gnomo #2246,https://docs.valentigamez.com/2357/_media/licencia-mecenas-gnomo.png,2246,2,,,,,,,1
Licencia Gnomo #2247,Licencia Gnomo #2247,https://docs.valentigamez.com/2357/_media/licencia-mecenas-gnomo.png,2247,2,,,,,,,1
Licencia Gnomo #2248,Licencia Gnomo #2248,https://docs.valentigamez.com/2357/_media/licencia-mecenas-gnomo.png,2248,2,,,,,,,1
Licencia Gnomo #2249,Licencia Gnomo #2249,https://docs.valentigamez.com/2357/_media/licencia-mecenas-gnomo.png,2249,2,,,,,,,1
Licencia Gnomo #2250,Licencia Gnomo #2250,https://docs.valentigamez.com/2357/_media/licencia-mecenas-gnomo.png,2250,2,,,,,,,1
Licencia Gnomo #2251,Licencia Gnomo #2251,https://docs.valentigamez.com/2357/_media/licencia-mecenas-gnomo.png,2251,2,,,,,,,1
Licencia Gnomo #2252,Licencia Gnomo #2252,https://docs.valentigamez.com/2357/_media/licencia-mecenas-gnomo.png,2252,2,,,,,,,1
Licencia Gnomo #2253,Licencia Gnomo #2253,https://docs.valentigamez.com/2357/_media/licencia-mecenas-gnomo.png,2253,2,,,,,,,1
Licencia Gnomo #2254,Licencia Gnomo #2254,https://docs.valentigamez.com/2357/_media/licencia-mecenas-gnomo.png,2254,2,,,,,,,1
Licencia Gnomo #2255,Licencia Gnomo #2255,https://docs.valentigamez.com/2357/_media/licencia-mecenas-gnomo.png,2255,2,,,,,,,1
Licencia Gnomo #2256,Licencia Gnomo #2256,https://docs.valentigamez.com/2357/_media/licencia-mecenas-gnomo.png,2256,2,,,,,,,1
Licencia Gnomo #2257,Licencia Gnomo #2257,https://docs.valentigamez.com/2357/_media/licencia-mecenas-gnomo.png,2257,2,,,,,,,1
Licencia Gnomo #2258,Licencia Gnomo #2258,https://docs.valentigamez.com/2357/_media/licencia-mecenas-gnomo.png,2258,2,,,,,,,1
Licencia Gnomo #2259,Licencia Gnomo #2259,https://docs.valentigamez.com/2357/_media/licencia-mecenas-gnomo.png,2259,2,,,,,,,1
Licencia Gnomo #2260,Licencia Gnomo #2260,https://docs.valentigamez.com/2357/_media/licencia-mecenas-gnomo.png,2260,2,,,,,,,1
Licencia Gnomo #2261,Licencia Gnomo #2261,https://docs.valentigamez.com/2357/_media/licencia-mecenas-gnomo.png,2261,2,,,,,,,1
Licencia Gnomo #2262,Licencia Gnomo #2262,https://docs.valentigamez.com/2357/_media/licencia-mecenas-gnomo.png,2262,2,,,,,,,1
Licencia Gnomo #2263,Licencia Gnomo #2263,https://docs.valentigamez.com/2357/_media/licencia-mecenas-gnomo.png,2263,2,,,,,,,1
Licencia Gnomo #2264,Licencia Gnomo #2264,https://docs.valentigamez.com/2357/_media/licencia-mecenas-gnomo.png,2264,2,,,,,,,1
Licencia Gnomo #2265,Licencia Gnomo #2265,https://docs.valentigamez.com/2357/_media/licencia-mecenas-gnomo.png,2265,2,,,,,,,1
Licencia Gnomo #2266,Licencia Gnomo #2266,https://docs.valentigamez.com/2357/_media/licencia-mecenas-gnomo.png,2266,2,,,,,,,1
Licencia Gnomo #2267,Licencia Gnomo #2267,https://docs.valentigamez.com/2357/_media/licencia-mecenas-gnomo.png,2267,2,,,,,,,1
Licencia Gnomo #2268,Licencia Gnomo #2268,https://docs.valentigamez.com/2357/_media/licencia-mecenas-gnomo.png,2268,2,,,,,,,1
Licencia Gnomo #2269,Licencia Gnomo #2269,https://docs.valentigamez.com/2357/_media/licencia-mecenas-gnomo.png,2269,2,,,,,,,1
Licencia Gnomo #2270,Licencia Gnomo #2270,https://docs.valentigamez.com/2357/_media/licencia-mecenas-gnomo.png,2270,2,,,,,,,1
Licencia Gnomo #2271,Licencia Gnomo #2271,https://docs.valentigamez.com/2357/_media/licencia-mecenas-gnomo.png,2271,2,,,,,,,1
Licencia Gnomo #2272,Licencia Gnomo #2272,https://docs.valentigamez.com/2357/_media/licencia-mecenas-gnomo.png,2272,2,,,,,,,1
Licencia Gnomo #2273,Licencia Gnomo #2273,https://docs.valentigamez.com/2357/_media/licencia-mecenas-gnomo.png,2273,2,,,,,,,1
Licencia Gnomo #2274,Licencia Gnomo #2274,https://docs.valentigamez.com/2357/_media/licencia-mecenas-gnomo.png,2274,2,,,,,,,1
Licencia Gnomo #2275,Licencia Gnomo #2275,https://docs.valentigamez.com/2357/_media/licencia-mecenas-gnomo.png,2275,2,,,,,,,1
Licencia Gnomo #2276,Licencia Gnomo #2276,https://docs.valentigamez.com/2357/_media/licencia-mecenas-gnomo.png,2276,2,,,,,,,1
Licencia Gnomo #2277,Licencia Gnomo #2277,https://docs.valentigamez.com/2357/_media/licencia-mecenas-gnomo.png,2277,2,,,,,,,1
Licencia Gnomo #2278,Licencia Gnomo #2278,https://docs.valentigamez.com/2357/_media/licencia-mecenas-gnomo.png,2278,2,,,,,,,1
Licencia Gnomo #2279,Licencia Gnomo #2279,https://docs.valentigamez.com/2357/_media/licencia-mecenas-gnomo.png,2279,2,,,,,,,1
Licencia Gnomo #2280,Licencia Gnomo #2280,https://docs.valentigamez.com/2357/_media/licencia-mecenas-gnomo.png,2280,2,,,,,,,1
Licencia Gnomo #2281,Licencia Gnomo #2281,https://docs.valentigamez.com/2357/_media/licencia-mecenas-gnomo.png,2281,2,,,,,,,1
Licencia Gnomo #2282,Licencia Gnomo #2282,https://docs.valentigamez.com/2357/_media/licencia-mecenas-gnomo.png,2282,2,,,,,,,1
Licencia Gnomo #2283,Licencia Gnomo #2283,https://docs.valentigamez.com/2357/_media/licencia-mecenas-gnomo.png,2283,2,,,,,,,1
Licencia Gnomo #2284,Licencia Gnomo #2284,https://docs.valentigamez.com/2357/_media/licencia-mecenas-gnomo.png,2284,2,,,,,,,1
Licencia Gnomo #2285,Licencia Gnomo #2285,https://docs.valentigamez.com/2357/_media/licencia-mecenas-gnomo.png,2285,2,,,,,,,1
Licencia Gnomo #2286,Licencia Gnomo #2286,https://docs.valentigamez.com/2357/_media/licencia-mecenas-gnomo.png,2286,2,,,,,,,1
Licencia Gnomo #2287,Licencia Gnomo #2287,https://docs.valentigamez.com/2357/_media/licencia-mecenas-gnomo.png,2287,2,,,,,,,1
Licencia Gnomo #2288,Licencia Gnomo #2288,https://docs.valentigamez.com/2357/_media/licencia-mecenas-gnomo.png,2288,2,,,,,,,1
Licencia Gnomo #2289,Licencia Gnomo #2289,https://docs.valentigamez.com/2357/_media/licencia-mecenas-gnomo.png,2289,2,,,,,,,1
Licencia Gnomo #2290,Licencia Gnomo #2290,https://docs.valentigamez.com/2357/_media/licencia-mecenas-gnomo.png,2290,2,,,,,,,1
Licencia Gnomo #2291,Licencia Gnomo #2291,https://docs.valentigamez.com/2357/_media/licencia-mecenas-gnomo.png,2291,2,,,,,,,1
Licencia Gnomo #2292,Licencia Gnomo #2292,https://docs.valentigamez.com/2357/_media/licencia-mecenas-gnomo.png,2292,2,,,,,,,1
Licencia Gnomo #2293,Licencia Gnomo #2293,https://docs.valentigamez.com/2357/_media/licencia-mecenas-gnomo.png,2293,2,,,,,,,1
Licencia Gnomo #2294,Licencia Gnomo #2294,https://docs.valentigamez.com/2357/_media/licencia-mecenas-gnomo.png,2294,2,,,,,,,1
Licencia Gnomo #2295,Licencia Gnomo #2295,https://docs.valentigamez.com/2357/_media/licencia-mecenas-gnomo.png,2295,2,,,,,,,1
Licencia Gnomo #2296,Licencia Gnomo #2296,https://docs.valentigamez.com/2357/_media/licencia-mecenas-gnomo.png,2296,2,,,,,,,1
Licencia Gnomo #2297,Licencia Gnomo #2297,https://docs.valentigamez.com/2357/_media/licencia-mecenas-gnomo.png,2297,2,,,,,,,1
Licencia Gnomo #2298,Licencia Gnomo #2298,https://docs.valentigamez.com/2357/_media/licencia-mecenas-gnomo.png,2298,2,,,,,,,1
Licencia Gnomo #2299,Licencia Gnomo #2299,https://docs.valentigamez.com/2357/_media/licencia-mecenas-gnomo.png,2299,2,,,,,,,1
Licencia Gnomo #2300,Licencia Gnomo #2300,https://docs.valentigamez.com/2357/_media/licencia-mecenas-gnomo.png,2300,2,,,,,,,1
Licencia Gnomo #2301,Licencia Gnomo #2301,https://docs.valentigamez.com/2357/_media/licencia-mecenas-gnomo.png,2301,2,,,,,,,1
Licencia Gnomo #2302,Licencia Gnomo #2302,https://docs.valentigamez.com/2357/_media/licencia-mecenas-gnomo.png,2302,2,,,,,,,1
Licencia Gnomo #2303,Licencia Gnomo #2303,https://docs.valentigamez.com/2357/_media/licencia-mecenas-gnomo.png,2303,2,,,,,,,1
Licencia Gnomo #2304,Licencia Gnomo #2304,https://docs.valentigamez.com/2357/_media/licencia-mecenas-gnomo.png,2304,2,,,,,,,1
Licencia Gnomo #2305,Licencia Gnomo #2305,https://docs.valentigamez.com/2357/_media/licencia-mecenas-gnomo.png,2305,2,,,,,,,1
Licencia Gnomo #2306,Licencia Gnomo #2306,https://docs.valentigamez.com/2357/_media/licencia-mecenas-gnomo.png,2306,2,,,,,,,1
Licencia Gnomo #2307,Licencia Gnomo #2307,https://docs.valentigamez.com/2357/_media/licencia-mecenas-gnomo.png,2307,2,,,,,,,1
Licencia Gnomo #2308,Licencia Gnomo #2308,https://docs.valentigamez.com/2357/_media/licencia-mecenas-gnomo.png,2308,2,,,,,,,1
Licencia Gnomo #2309,Licencia Gnomo #2309,https://docs.valentigamez.com/2357/_media/licencia-mecenas-gnomo.png,2309,2,,,,,,,1
Licencia Gnomo #2310,Licencia Gnomo #2310,https://docs.valentigamez.com/2357/_media/licencia-mecenas-gnomo.png,2310,2,,,,,,,1
Licencia Gnomo #2311,Licencia Gnomo #2311,https://docs.valentigamez.com/2357/_media/licencia-mecenas-gnomo.png,2311,2,,,,,,,1
Licencia Gnomo #2312,Licencia Gnomo #2312,https://docs.valentigamez.com/2357/_media/licencia-mecenas-gnomo.png,2312,2,,,,,,,1
Licencia Gnomo #2313,Licencia Gnomo #2313,https://docs.valentigamez.com/2357/_media/licencia-mecenas-gnomo.png,2313,2,,,,,,,1
Licencia Gnomo #2314,Licencia Gnomo #2314,https://docs.valentigamez.com/2357/_media/licencia-mecenas-gnomo.png,2314,2,,,,,,,1
Licencia Gnomo #2315,Licencia Gnomo #2315,https://docs.valentigamez.com/2357/_media/licencia-mecenas-gnomo.png,2315,2,,,,,,,1
Licencia Gnomo #2316,Licencia Gnomo #2316,https://docs.valentigamez.com/2357/_media/licencia-mecenas-gnomo.png,2316,2,,,,,,,1
Licencia Gnomo #2317,Licencia Gnomo #2317,https://docs.valentigamez.com/2357/_media/licencia-mecenas-gnomo.png,2317,2,,,,,,,1
Licencia Gnomo #2318,Licencia Gnomo #2318,https://docs.valentigamez.com/2357/_media/licencia-mecenas-gnomo.png,2318,2,,,,,,,1
Licencia Gnomo #2319,Licencia Gnomo #2319,https://docs.valentigamez.com/2357/_media/licencia-mecenas-gnomo.png,2319,2,,,,,,,1
Licencia Gnomo #2320,Licencia Gnomo #2320,https://docs.valentigamez.com/2357/_media/licencia-mecenas-gnomo.png,2320,2,,,,,,,1
Licencia Gnomo #2321,Licencia Gnomo #2321,https://docs.valentigamez.com/2357/_media/licencia-mecenas-gnomo.png,2321,2,,,,,,,1
Licencia Gnomo #2322,Licencia Gnomo #2322,https://docs.valentigamez.com/2357/_media/licencia-mecenas-gnomo.png,2322,2,,,,,,,1
Licencia Gnomo #2323,Licencia Gnomo #2323,https://docs.valentigamez.com/2357/_media/licencia-mecenas-gnomo.png,2323,2,,,,,,,1
Licencia Gnomo #2324,Licencia Gnomo #2324,https://docs.valentigamez.com/2357/_media/licencia-mecenas-gnomo.png,2324,2,,,,,,,1
Licencia Gnomo #2325,Licencia Gnomo #2325,https://docs.valentigamez.com/2357/_media/licencia-mecenas-gnomo.png,2325,2,,,,,,,1
Licencia Gnomo #2326,Licencia Gnomo #2326,https://docs.valentigamez.com/2357/_media/licencia-mecenas-gnomo.png,2326,2,,,,,,,1
Licencia Gnomo #2327,Licencia Gnomo #2327,https://docs.valentigamez.com/2357/_media/licencia-mecenas-gnomo.png,2327,2,,,,,,,1
Licencia Gnomo #2328,Licencia Gnomo #2328,https://docs.valentigamez.com/2357/_media/licencia-mecenas-gnomo.png,2328,2,,,,,,,1
Licencia Gnomo #2329,Licencia Gnomo #2329,https://docs.valentigamez.com/2357/_media/licencia-mecenas-gnomo.png,2329,2,,,,,,,1
Licencia Gnomo #2330,Licencia Gnomo #2330,https://docs.valentigamez.com/2357/_media/licencia-mecenas-gnomo.png,2330,2,,,,,,,1
Licencia Gnomo #2331,Licencia Gnomo #2331,https://docs.valentigamez.com/2357/_media/licencia-mecenas-gnomo.png,2331,2,,,,,,,1
Licencia Gnomo #2332,Licencia Gnomo #2332,https://docs.valentigamez.com/2357/_media/licencia-mecenas-gnomo.png,2332,2,,,,,,,1
Licencia Gnomo #2333,Licencia Gnomo #2333,https://docs.valentigamez.com/2357/_media/licencia-mecenas-gnomo.png,2333,2,,,,,,,1
Licencia Gnomo #2334,Licencia Gnomo #2334,https://docs.valentigamez.com/2357/_media/licencia-mecenas-gnomo.png,2334,2,,,,,,,1
Licencia Gnomo #2335,Licencia Gnomo #2335,https://docs.valentigamez.com/2357/_media/licencia-mecenas-gnomo.png,2335,2,,,,,,,1
Licencia Gnomo #2336,Licencia Gnomo #2336,https://docs.valentigamez.com/2357/_media/licencia-mecenas-gnomo.png,2336,2,,,,,,,1
Licencia Gnomo #2337,Licencia Gnomo #2337,https://docs.valentigamez.com/2357/_media/licencia-mecenas-gnomo.png,2337,2,,,,,,,1
Licencia Gnomo #2338,Licencia Gnomo #2338,https://docs.valentigamez.com/2357/_media/licencia-mecenas-gnomo.png,2338,2,,,,,,,1
Licencia Gnomo #2339,Licencia Gnomo #2339,https://docs.valentigamez.com/2357/_media/licencia-mecenas-gnomo.png,2339,2,,,,,,,1
Licencia Gnomo #2340,Licencia Gnomo #2340,https://docs.valentigamez.com/2357/_media/licencia-mecenas-gnomo.png,2340,2,,,,,,,1
Licencia Gnomo #2341,Licencia Gnomo #2341,https://docs.valentigamez.com/2357/_media/licencia-mecenas-gnomo.png,2341,2,,,,,,,1
Licencia Gnomo #2342,Licencia Gnomo #2342,https://docs.valentigamez.com/2357/_media/licencia-mecenas-gnomo.png,2342,2,,,,,,,1
Licencia Gnomo #2343,Licencia Gnomo #2343,https://docs.valentigamez.com/2357/_media/licencia-mecenas-gnomo.png,2343,2,,,,,,,1
Licencia Gnomo #2344,Licencia Gnomo #2344,https://docs.valentigamez.com/2357/_media/licencia-mecenas-gnomo.png,2344,2,,,,,,,1
Licencia Gnomo #2345,Licencia Gnomo #2345,https://docs.valentigamez.com/2357/_media/licencia-mecenas-gnomo.png,2345,2,,,,,,,1
Licencia Gnomo #2346,Licencia Gnomo #2346,https://docs.valentigamez.com/2357/_media/licencia-mecenas-gnomo.png,2346,2,,,,,,,1
Licencia Gnomo #2347,Licencia Gnomo #2347,https://docs.valentigamez.com/2357/_media/licencia-mecenas-gnomo.png,2347,2,,,,,,,1
Licencia Gnomo #2348,Licencia Gnomo #2348,https://docs.valentigamez.com/2357/_media/licencia-mecenas-gnomo.png,2348,2,,,,,,,1
Licencia Gnomo #2349,Licencia Gnomo #2349,https://docs.valentigamez.com/2357/_media/licencia-mecenas-gnomo.png,2349,2,,,,,,,1
Licencia Gnomo #2350,Licencia Gnomo #2350,https://docs.valentigamez.com/2357/_media/licencia-mecenas-gnomo.png,2350,2,,,,,,,1
Licencia Gnomo #2351,Licencia Gnomo #2351,https://docs.valentigamez.com/2357/_media/licencia-mecenas-gnomo.png,2351,2,,,,,,,1
Licencia Gnomo #2352,Licencia Gnomo #2352,https://docs.valentigamez.com/2357/_media/licencia-mecenas-gnomo.png,2352,2,,,,,,,1
Licencia Gnomo #2353,Licencia Gnomo #2353,https://docs.valentigamez.com/2357/_media/licencia-mecenas-gnomo.png,2353,2,,,,,,,1
Licencia Gnomo #2354,Licencia Gnomo #2354,https://docs.valentigamez.com/2357/_media/licencia-mecenas-gnomo.png,2354,2,,,,,,,1
Licencia Gnomo #2355,Licencia Gnomo #2355,https://docs.valentigamez.com/2357/_media/licencia-mecenas-gnomo.png,2355,2,,,,,,,1
Licencia Gnomo #2356,Licencia Gnomo #2356,https://docs.valentigamez.com/2357/_media/licencia-mecenas-gnomo.png,2356,2,,,,,,,1
Licencia Gnomo #2357,Licencia Gnomo #2357,https://docs.valentigamez.com/2357/_media/licencia-mecenas-gnomo.png,2357,2,,,,,,,1
